Workbook

Sheet ダッシュボード
A1: SEO 80KW 制作・投稿管理ダッシュボード
A2: 更新日時 | B2: 2026-06-26 08:25
A3: KPI | B3: 件数 | C3: メモ | E3: ステータス別 | F3: 件数
A4: 総KW数 | B4: =COUNTA(制作管理表!A2:A81) | C4: 管理対象の総数 | E4: 記事制作：完了 | F4: =COUNTIF(制作管理表!AC2:AC81,"完了")
A5: 要再編集 | B5: =COUNTIF(制作管理表!AC2:AC81,"要再編集") | C5: 記事作り直し対象 | E5: 画像：完了 | F5: =COUNTIF(制作管理表!AD2:AD81,"完了")
A6: 画像差替必要 | B6: =COUNTIF(制作管理表!AD2:AD81,"差替必要") | C6: アイキャッチ作り直し対象 | E6: 投稿：下書き投稿済 | F6: =COUNTIF(制作管理表!AF2:AF81,"下書き投稿済")
A7: 投稿エラー | B7: =COUNTIF(制作管理表!AF2:AF81,"error") | C7: Actions結果を反映 | E7: 文字数OK | F7: =COUNTIF(制作管理表!AM2:AM81,"OK")
A9: ロット | B9: 総数 | C9: 記事完了 | D9: 画像完了 | E9: 投稿済/更新済 | F9: エラー
A10: 第1ロット：雨漏り系 | B10: =COUNTIF(制作管理表!L2:L81,"第1ロット：雨漏り系") | C10: =COUNTIFS(制作管理表!L2:L81,"第1ロット：雨漏り系",制作管理表!AC2:AC81,"完了") | D10: =COUNTIFS(制作管理表!L2:L81,"第1ロット：雨漏り系",制作管理表!AD2:AD81,"完了") | E10: =COUNTIFS(制作管理表!L2:L81,"第1ロット：雨漏り系",制作管理表!AF2:AF81,"更新済")+COUNTIFS(制作管理表!L2:L81,"第1ロット：雨漏り系",制作管理表!AF2:AF81,"下書き投稿済") | F10: =COUNTIFS(制作管理表!L2:L81,"第1ロット：雨漏り系",制作管理表!AF2:AF81,"error")
A11: 第2ロット：屋根修理・屋根材系 | B11: =COUNTIF(制作管理表!L2:L81,"第2ロット：屋根修理・屋根材系") | C11: =COUNTIFS(制作管理表!L2:L81,"第2ロット：屋根修理・屋根材系",制作管理表!AC2:AC81,"完了") | D11: =COUNTIFS(制作管理表!L2:L81,"第2ロット：屋根修理・屋根材系",制作管理表!AD2:AD81,"完了") | E11: =COUNTIFS(制作管理表!L2:L81,"第2ロット：屋根修理・屋根材系",制作管理表!AF2:AF81,"更新済")+COUNTIFS(制作管理表!L2:L81,"第2ロット：屋根修理・屋根材系",制作管理表!AF2:AF81,"下書き投稿済") | F11: =COUNTIFS(制作管理表!L2:L81,"第2ロット：屋根修理・屋根材系",制作管理表!AF2:AF81,"error")
A12: 第3ロット：外壁塗装・防水系 | B12: =COUNTIF(制作管理表!L2:L81,"第3ロット：外壁塗装・防水系") | C12: =COUNTIFS(制作管理表!L2:L81,"第3ロット：外壁塗装・防水系",制作管理表!AC2:AC81,"完了") | D12: =COUNTIFS(制作管理表!L2:L81,"第3ロット：外壁塗装・防水系",制作管理表!AD2:AD81,"完了") | E12: =COUNTIFS(制作管理表!L2:L81,"第3ロット：外壁塗装・防水系",制作管理表!AF2:AF81,"更新済")+COUNTIFS(制作管理表!L2:L81,"第3ロット：外壁塗装・防水系",制作管理表!AF2:AF81,"下書き投稿済") | F12: =COUNTIFS(制作管理表!L2:L81,"第3ロット：外壁塗装・防水系",制作管理表!AF2:AF81,"error")
A13: 第4ロット：雨樋・軒天・付帯部系 | B13: =COUNTIF(制作管理表!L2:L81,"第4ロット：雨樋・軒天・付帯部系") | C13: =COUNTIFS(制作管理表!L2:L81,"第4ロット：雨樋・軒天・付帯部系",制作管理表!AC2:AC81,"完了") | D13: =COUNTIFS(制作管理表!L2:L81,"第4ロット：雨樋・軒天・付帯部系",制作管理表!AD2:AD81,"完了") | E13: =COUNTIFS(制作管理表!L2:L81,"第4ロット：雨樋・軒天・付帯部系",制作管理表!AF2:AF81,"更新済")+COUNTIFS(制作管理表!L2:L81,"第4ロット：雨樋・軒天・付帯部系",制作管理表!AF2:AF81,"下書き投稿済") | F13: =COUNTIFS(制作管理表!L2:L81,"第4ロット：雨樋・軒天・付帯部系",制作管理表!AF2:AF81,"error")
A15: 次にやること | B15: 1. 制作管理表で対象Noを選ぶ | C15: 2. MD記事作成 | D15: 3. アイキャッチ作成 | E15: 4. GitHub反映 | F15: 5. dry-run→draft投稿

Sheet 制作管理表
A1: No | B1: 指定KW | C1: 管理KW | D1: 記事タイトル案 | E1: 記事カテゴリ | F1: 記事タイプ | G1: 記事構成型 | H1: 文字数目安 | I1: 文字数下限 | J1: 文字数上限 | K1: 優先度 | L1: ロット | M1: 記事ファイル名 | N1: 画像ファイル名 | O1: スラッグ | P1: メタディスクリプション案 | Q1: WPカテゴリ | R1: タグ案 | S1: 主訴求サービス | T1: CTAタイプ | U1: CTA文 | V1: アイキャッチ主コピー | W1: アイキャッチサブコピー | X1: アイキャッチ補助コピー | Y1: 背景モチーフ | Z1: 人物モチーフ | AA1: 地域要素 | AB1: アイキャッチ方向性 | AC1: 記事制作ステータス | AD1: 画像制作ステータス | AE1: GitHub反映ステータス | AF1: 投稿ステータス | AG1: 最終実行モード | AH1: WP投稿ID | AI1: WP投稿URL | AJ1: 最終投稿日時 | AK1: 最終更新日時 | AL1: 文字数実績 | AM1: 文字数判定 | AN1: エラー内容 | AO1: 内部リンク方針 | AP1: 砂田塗装型チェック | AQ1: 備考
A2: 1 | B2: 松山市 雨漏り修理 | C2: 松山市 雨漏り修理 | D2: 松山市で雨漏り修理を依頼するなら？原因調査・費用・業者選びを解説 | E2: 雨漏り | F2: 地域サービス型 | G2: 地域サービス型 | H2: 4,500〜6,500字 | I2: 4500 | J2: 6500 | K2: 高 | L2: 第1ロット：雨漏り系 | M2: 001.md | N2: 001.webp | O2: matsuyama-leak-repair | P2: 松山市 雨漏り修理について、主な原因、放置リスク、修理方法、業者選びのポイントを松山市で検討中の方向けに解説します。 | Q2: 雨漏り修理 | R2: 松山市、雨漏り、雨漏り修理 | S2: 雨漏り無料点検・無料見積り | T2: 雨漏り無料点検CTA | U2: 松山市で雨漏りが気になる方は、まずは無料点検・無料見積りをご利用ください。原因を確認し、必要な工事だけをご提案します。 | V2: 松山市の雨漏り修理 | W2: 原因・費用・業者選びをプロが解説 | X2: 無料点検受付中 | Y2: 天井シミ・雨だれ・屋根点検 | Z2: ヘルメットの職人 | AA2: 松山市版 | AB2: 強めサムネ・雨漏り訴求 | AC2: 要再編集 | AD2: 画像確認済み | AE2: 要反映 | AF2: posted | AG2: post/create_only | AH2: 21921 | AI2: https://www.sunadatosou.com/?p=21921 | AJ2: 2026-06-27 16:59:20 | AL2: 4011 | AM2: 不足(目安4,500〜6,500字) | AO2: 中心記事「松山市の雨漏り修理」へリンク。関連：雨漏り費用・調査・屋根雨漏り。 | AP2: H1なし／この記事でわかること／地域事情／事例／原因・費用／CTA／FAQ
A3: 2 | B3: 松山市 雨漏り調査 | C3: 松山市 雨漏り調査 | D3: 松山市の雨漏り調査とは？調査方法・費用・依頼前の注意点 | E3: 雨漏り | F3: 地域サービス型 | G3: 地域サービス型 | H3: 4,500〜6,500字 | I3: 4500 | J3: 6500 | K3: 高 | L3: 第1ロット：雨漏り系 | M3: 002.md | N3: 002.webp | O3: matsuyama-leak-investigation | P3: 松山市 雨漏り調査について、主な原因、放置リスク、修理方法、業者選びのポイントを松山市で検討中の方向けに解説します。 | Q3: 雨漏り修理 | R3: 松山市、雨漏り、雨漏り修理 | S3: 写真付き劣化診断書 | T3: 写真付き診断CTA | U3: 調査後は写真付きで劣化箇所を共有し、雨水の侵入口や修理範囲を分かりやすくご説明します。 | V3: 雨漏り調査は原因特定が命 | W3: 散水調査・写真付き診断を解説 | X3: 見えない侵入口を確認 | Y3: 外壁ひび割れ・サッシ・虫眼鏡 | Z3: 虫眼鏡を持つ職人 | AA3: 松山市版 | AB3: 調査訴求・原因特定 | AC3: 要再編集 | AD3: 画像確認済み | AE3: 要反映 | AF3: posted | AG3: post/create_only | AH3: 21923 | AI3: https://www.sunadatosou.com/?p=21923 | AJ3: 2026-06-27 16:59:29 | AL3: 4123 | AM3: 不足(目安4,500〜6,500字) | AO3: 中心記事「松山市の雨漏り修理」へリンク。関連：雨漏り費用・調査・屋根雨漏り。 | AP3: H1なし／この記事でわかること／地域事情／事例／原因・費用／CTA／FAQ
A4: 3 | B4: 松山市 雨漏り診断 | C4: 松山市 雨漏り診断 | D4: 松山市の雨漏り診断でわかること｜原因特定と修理前の確認ポイント | E4: 雨漏り | F4: 地域サービス型 | G4: 地域サービス型 | H4: 4,500〜6,500字 | I4: 4500 | J4: 6500 | K4: 高 | L4: 第1ロット：雨漏り系 | M4: 003.md | N4: 003.webp | O4: matsuyama-leak-diagnosis | P4: 松山市 雨漏り診断について、主な原因、放置リスク、修理方法、業者選びのポイントを松山市で検討中の方向けに解説します。 | Q4: 雨漏り修理 | R4: 松山市、雨漏り、雨漏り修理 | S4: 外装劣化診断（無料現地調査） | T4: 外装劣化診断CTA | U4: 外壁・屋根・付帯部を無料現地調査し、今すぐ必要な工事と様子を見られる箇所を分けてご案内します。 | V4: これって雨漏り？ | W4: 天井シミ・壁紙浮き・カビ臭を確認 | X4: 無料現地診断でチェック | Y4: 住宅外観・チェックリスト・雨染み | Z4: 困った住人＋職人 | AA4: 松山市版 | AB4: 診断訴求・不安解消 | AC4: 要再編集 | AD4: 画像確認済み | AE4: 要反映 | AF4: posted | AG4: post/create_only | AH4: 21925 | AI4: https://www.sunadatosou.com/?p=21925 | AJ4: 2026-06-27 16:59:37 | AL4: 4024 | AM4: 不足(目安4,500〜6,500字) | AO4: 中心記事「松山市の雨漏り修理」へリンク。関連：雨漏り費用・調査・屋根雨漏り。 | AP4: H1なし／この記事でわかること／地域事情／事例／原因・費用／CTA／FAQ
A5: 4 | B5: 松山市 雨漏り業者 | C5: 松山市 雨漏り業者 | D5: 松山市で雨漏り業者を選ぶポイント｜失敗しない比較方法を解説 | E5: 雨漏り | F5: 地域サービス型 | G5: 業者選び型 | H5: 5,000〜7,000字 | I5: 5000 | J5: 7000 | K5: 高 | L5: 第1ロット：雨漏り系 | M5: 004.md | N5: 004.webp | O5: matsuyama-leak-contractor | P5: 松山市 雨漏り業者について、主な原因、放置リスク、修理方法、業者選びのポイントを松山市で検討中の方向けに解説します。 | Q5: 雨漏り修理 | R5: 松山市、雨漏り、雨漏り修理 | S5: 国家資格者診断・必要な工事だけ提案 | T5: 外装劣化診断CTA | U5: 外壁・屋根・付帯部を無料現地調査し、今すぐ必要な工事と様子を見られる箇所を分けてご案内します。 | V5: 雨漏り業者の選び方 | W5: 安さだけで選ぶと危険!? | X5: 見積り・保証・原因説明 | Y5: 見積書・住宅外観・比較表 | Z5: 考える住人＋職人 | AA5: 松山市版 | AB5: 業者選び訴求 | AC5: 要再編集 | AD5: 画像確認済み | AE5: 要反映 | AF5: posted | AG5: post/create_only | AH5: 21927 | AI5: https://www.sunadatosou.com/?p=21927 | AJ5: 2026-06-27 16:59:46 | AL5: 4450 | AM5: 不足(目安5,000〜7,000字) | AO5: 中心記事「松山市の雨漏り修理」へリンク。関連：雨漏り費用・調査・屋根雨漏り。 | AP5: H1なし／この記事でわかること／地域事情／事例／原因・費用／CTA／FAQ
A6: 5 | B6: 松山市 雨漏り修理 費用 | C6: 松山市 雨漏り修理 費用 | D6: 松山市の雨漏り修理費用はいくら？相場・内訳・業者選びを解説 | E6: 雨漏り | F6: 地域サービス型 | G6: 費用・相場型 | H6: 5,000〜7,000字 | I6: 5000 | J6: 7000 | K6: 高 | L6: 第1ロット：雨漏り系 | M6: 005.md | N6: 005.webp | O6: matsuyama-leak-repair-cost | P6: 松山市 雨漏り修理 費用について、費用相場、内訳、金額が変わる要因、見積もり時の注意点をわかりやすく解説します。 | Q6: 雨漏り修理 | R6: 松山市、雨漏り、費用、雨漏り修理 | S6: 無料見積り・費用根拠の見える化 | T6: 無料見積りCTA | U6: 費用は原因箇所や補修範囲で変わります。現地調査で状態を確認し、見積もりの根拠を写真付きでご説明します。 | V6: 雨漏り修理の費用はいくら？ | W6: 相場と内訳を職人が解説 | X6: 応急処置／屋根補修／防水工事 | Y6: 見積書・天井シミ・屋根修理の現場 | Z6: 不安そうな住人＋職人 | AA6: 松山市版 | AB6: 強めサムネ・費用訴求 | AC6: 要再編集 | AD6: 画像確認済み | AE6: 要反映 | AF6: posted | AG6: post/create_only | AH6: 21929 | AI6: https://www.sunadatosou.com/?p=21929 | AJ6: 2026-06-27 16:59:54 | AL6: 4414 | AM6: 不足(目安5,000〜7,000字) | AO6: 中心記事「松山市の雨漏り修理」へリンク。関連：雨漏り費用・調査・屋根雨漏り。 | AP6: H1なし／この記事でわかること／地域事情／事例／原因・費用／CTA／FAQ
A7: 6 | B7: 松山市 雨漏り 原因 | C7: 松山市 雨漏り 原因 | D7: 松山市で多い雨漏りの原因とは？屋根・外壁・ベランダ別に解説 | E7: 雨漏り | F7: 地域サービス型 | G7: 原因・症状解説型 | H7: 4,500〜6,500字 | I7: 4500 | J7: 6500 | K7: 高 | L7: 第1ロット：雨漏り系 | M7: 006.md | N7: 006.webp | O7: matsuyama-leak-cause | P7: 松山市 雨漏り 原因について、主な原因、放置リスク、修理方法、業者選びのポイントを松山市で検討中の方向けに解説します。 | Q7: 雨漏り修理 | R7: 松山市、雨漏り、雨漏り修理 | S7: 雨漏り無料点検・無料見積り | T7: 雨漏り無料点検CTA | U7: 松山市で雨漏りが気になる方は、まずは無料点検・無料見積りをご利用ください。原因を確認し、必要な工事だけをご提案します。 | V7: 雨漏り 原因の原因は？ | W7: 放置リスクと対処法を解説 | X7: 早めの確認が大切 | Y7: 劣化箇所の拡大・雨染み・ひび割れ | Z7: 職人 | AA7: 松山市版 | AB7: 原因解説訴求 | AC7: 未着手 | AD7: 画像確認済み | AE7: 未反映 | AF7: posted | AG7: post/create_only | AH7: 21933 | AI7: https://www.sunadatosou.com/?p=21933 | AJ7: 2026-06-27 17:05:29 | AL7: 4011 | AM7: 不足(目安4,500〜6,500字) | AO7: 中心記事「松山市の雨漏り修理」へリンク。関連：雨漏り費用・調査・屋根雨漏り。 | AP7: H1なし／この記事でわかること／地域事情／事例／原因・費用／CTA／FAQ
A8: 7 | B8: 松山市 ベランダ雨漏り | C8: 松山市 ベランダ雨漏り | D8: 松山市のベランダ雨漏りはなぜ起こる？原因・修理費用・防水対策 | E8: 雨漏り | F8: 地域サービス型 | G8: 地域サービス型 | H8: 4,500〜6,500字 | I8: 4500 | J8: 6500 | K8: 高 | L8: 第1ロット：雨漏り系 | M8: 007.md | N8: 007.webp | O8: matsuyama-balcony-leak | P8: 松山市 ベランダ雨漏りについて、主な原因、放置リスク、修理方法、業者選びのポイントを松山市で検討中の方向けに解説します。 | Q8: 雨漏り修理 | R8: 松山市、雨漏り、雨漏り修理 | S8: 雨漏り無料点検・無料見積り | T8: 雨漏り無料点検CTA | U8: 松山市で雨漏りが気になる方は、まずは無料点検・無料見積りをご利用ください。原因を確認し、必要な工事だけをご提案します。 | V8: ベランダ雨漏り | W8: 雨漏り前に防水状態をチェック | X8: 費用・耐用年数を解説 | Y8: ベランダ床・防水層・排水口 | Z8: 点検する職人 | AA8: 松山市版 | AB8: 防水訴求 | AC8: 未着手 | AD8: 画像確認済み | AE8: 未反映 | AF8: posted | AG8: post/create_only | AH8: 21935 | AI8: https://www.sunadatosou.com/?p=21935 | AJ8: 2026-06-27 17:05:38 | AL8: 4009 | AM8: 不足(目安4,500〜6,500字) | AO8: 中心記事「松山市の雨漏り修理」へリンク。関連：雨漏り費用・調査・屋根雨漏り。 | AP8: H1なし／この記事でわかること／地域事情／事例／原因・費用／CTA／FAQ
A9: 8 | B9: 松山市 サッシ雨漏り | C9: 松山市 サッシ雨漏り | D9: 松山市のサッシ雨漏りの原因とは？窓まわりの補修方法を解説 | E9: 雨漏り | F9: 地域サービス型 | G9: 地域サービス型 | H9: 4,500〜6,500字 | I9: 4500 | J9: 6500 | K9: 高 | L9: 第1ロット：雨漏り系 | M9: 008.md | N9: 008.webp | O9: matsuyama-sash-leak | P9: 松山市 サッシ雨漏りについて、主な原因、放置リスク、修理方法、業者選びのポイントを松山市で検討中の方向けに解説します。 | Q9: 雨漏り修理 | R9: 松山市、雨漏り、雨漏り修理 | S9: 雨漏り無料点検・無料見積り | T9: 雨漏り無料点検CTA | U9: 松山市で雨漏りが気になる方は、まずは無料点検・無料見積りをご利用ください。原因を確認し、必要な工事だけをご提案します。 | V9: サッシ雨漏り | W9: 症状・費用・注意点を解説 | X9: プロが分かりやすく解説 | Y9: 住宅外観・劣化箇所 | Z9: 職人 | AA9: 松山市版 | AB9: 汎用外装訴求 | AC9: 未着手 | AD9: 画像確認済み | AE9: 未反映 | AF9: posted | AG9: post/create_only | AH9: 21937 | AI9: https://www.sunadatosou.com/?p=21937 | AJ9: 2026-06-27 17:05:45 | AL9: 3998 | AM9: 不足(目安4,500〜6,500字) | AO9: 中心記事「松山市の雨漏り修理」へリンク。関連：雨漏り費用・調査・屋根雨漏り。 | AP9: H1なし／この記事でわかること／地域事情／事例／原因・費用／CTA／FAQ
A10: 9 | B10: 松山市 外壁雨漏り | C10: 松山市 外壁雨漏り | D10: 松山市の外壁雨漏りの原因と対策｜ひび割れ・シーリング劣化に注意 | E10: 雨漏り | F10: 地域サービス型 | G10: 地域サービス型 | H10: 4,500〜6,500字 | I10: 4500 | J10: 6500 | K10: 高 | L10: 第1ロット：雨漏り系 | M10: 009.md | N10: 009.webp | O10: matsuyama-exterior-wall-leak | P10: 松山市 外壁雨漏りについて、主な原因、放置リスク、修理方法、業者選びのポイントを松山市で検討中の方向けに解説します。 | Q10: 雨漏り修理 | R10: 松山市、雨漏り、雨漏り修理 | S10: 雨漏り無料点検・無料見積り | T10: 雨漏り無料点検CTA | U10: 松山市で雨漏りが気になる方は、まずは無料点検・無料見積りをご利用ください。原因を確認し、必要な工事だけをご提案します。 | V10: 外壁雨漏り | W10: 症状・費用・注意点を解説 | X10: プロが分かりやすく解説 | Y10: 住宅外観・劣化箇所 | Z10: 職人 | AA10: 松山市版 | AB10: 汎用外装訴求 | AC10: 未着手 | AD10: 画像確認済み | AE10: 未反映 | AF10: posted | AG10: post/create_only | AH10: 21939 | AI10: https://www.sunadatosou.com/?p=21939 | AJ10: 2026-06-27 17:05:53 | AL10: 3981 | AM10: 不足(目安4,500〜6,500字) | AO10: 中心記事「松山市の雨漏り修理」へリンク。関連：雨漏り費用・調査・屋根雨漏り。 | AP10: H1なし／この記事でわかること／地域事情／事例／原因・費用／CTA／FAQ
A11: 10 | B11: 松山市 屋根雨漏り | C11: 松山市 屋根雨漏り | D11: 松山市の屋根雨漏りは早めの修理が重要｜原因・費用・業者選び | E11: 雨漏り | F11: 地域サービス型 | G11: 地域サービス型 | H11: 4,500〜6,500字 | I11: 4500 | J11: 6500 | K11: 高 | L11: 第1ロット：雨漏り系 | M11: 010.md | N11: 010.webp | O11: matsuyama-roof-leak | P11: 松山市 屋根雨漏りについて、主な原因、放置リスク、修理方法、業者選びのポイントを松山市で検討中の方向けに解説します。 | Q11: 雨漏り修理 | R11: 松山市、雨漏り、雨漏り修理 | S11: 雨漏り無料点検・無料見積り | T11: 雨漏り無料点検CTA | U11: 松山市で雨漏りが気になる方は、まずは無料点検・無料見積りをご利用ください。原因を確認し、必要な工事だけをご提案します。 | V11: 屋根雨漏り | W11: 雨漏り前に劣化を確認 | X11: 屋根点検・修理方法を解説 | Y11: 屋根材・瓦・板金・雨空 | Z11: 屋根を点検する職人 | AA11: 松山市版 | AB11: 屋根修理訴求 | AC11: 未着手 | AD11: 画像確認済み | AE11: 未反映 | AF11: posted | AG11: post/create_only | AH11: 21941 | AI11: https://www.sunadatosou.com/?p=21941 | AJ11: 2026-06-27 17:06:01 | AL11: 3914 | AM11: 不足(目安4,500〜6,500字) | AO11: 中心記事「松山市の雨漏り修理」へリンク。関連：雨漏り費用・調査・屋根雨漏り。 | AP11: H1なし／この記事でわかること／地域事情／事例／原因・費用／CTA／FAQ
A12: 11 | B12: 松山市 屋根修理 | C12: 松山市 屋根修理 | D12: 松山市の屋根修理はどこに頼む？症状別の対処法と費用目安 | E12: 屋根修理・屋根材 | F12: 地域サービス型 | G12: 地域サービス型 | H12: 5,000〜7,000字 | I12: 5000 | J12: 7000 | K12: 高 | L12: 第2ロット：屋根修理・屋根材系 | M12: 011.md | N12: 011.webp | O12: matsuyama-roof-repair | P12: 松山市 屋根修理について、劣化症状、修理方法、費用目安、依頼前に確認したいポイントをわかりやすく解説します。 | Q12: 屋根修理 | R12: 松山市、屋根修理 | S12: 屋根無料点検・屋根修理 | T12: 屋根点検CTA | U12: 屋根材・板金・瓦の状態を点検し、雨漏りリスクや修理方法を職人目線で確認します。 | V12: 屋根修理 | W12: 雨漏り前に劣化を確認 | X12: 屋根点検・修理方法を解説 | Y12: 屋根材・瓦・板金・雨空 | Z12: 屋根を点検する職人 | AA12: 松山市版 | AB12: 屋根修理訴求 | AC12: 未着手 | AD12: 画像確認済み | AE12: 未反映 | AF12: posted | AG12: post/create_only | AH12: 21943 | AI12: https://www.sunadatosou.com/?p=21943 | AJ12: 2026-06-27 17:09:57 | AL12: 4306 | AM12: 不足(目安5,000〜7,000字) | AO12: 中心記事「松山市の屋根修理」へリンク。関連：屋根カバー・屋根材注意記事。 | AP12: H1なし／この記事でわかること／地域事情／事例／原因・費用／CTA／FAQ
A13: 12 | B13: 松山市 棟板金修理 | C13: 松山市 棟板金修理 | D13: 松山市の棟板金修理とは？浮き・釘抜け・雨漏りリスクを解説 | E13: 屋根修理・屋根材 | F13: 地域サービス型 | G13: 地域サービス型 | H13: 5,000〜7,000字 | I13: 5000 | J13: 7000 | K13: 高 | L13: 第2ロット：屋根修理・屋根材系 | M13: 012.md | N13: 012.webp | O13: matsuyama-ridge-flashing-repair | P13: 松山市 棟板金修理について、劣化症状、修理方法、費用目安、依頼前に確認したいポイントをわかりやすく解説します。 | Q13: 屋根修理 | R13: 松山市、屋根修理 | S13: 屋根無料点検・屋根修理 | T13: 屋根点検CTA | U13: 屋根材・板金・瓦の状態を点検し、雨漏りリスクや修理方法を職人目線で確認します。 | V13: 棟板金修理 | W13: 雨漏り前に劣化を確認 | X13: 屋根点検・修理方法を解説 | Y13: 屋根材・瓦・板金・雨空 | Z13: 屋根を点検する職人 | AA13: 松山市版 | AB13: 屋根修理訴求 | AC13: 未着手 | AD13: 画像確認済み | AE13: 未反映 | AF13: posted | AG13: post/create_only | AH13: 21945 | AI13: https://www.sunadatosou.com/?p=21945 | AJ13: 2026-06-27 17:10:08 | AL13: 4302 | AM13: 不足(目安5,000〜7,000字) | AO13: 中心記事「松山市の屋根修理」へリンク。関連：屋根カバー・屋根材注意記事。 | AP13: H1なし／この記事でわかること／地域事情／事例／原因・費用／CTA／FAQ
... A77: 76 | B77: 軒天 ベニヤ 張り替え | C77: 軒天 ベニヤ 張り替え | D77: 軒天ベニヤの張り替えはいつ必要？費用・材料・注意点 | E77: 付帯部 | F77: 付帯部型 | G77: 地域サービス型 | H77: 4,500〜6,000字 | I77: 4500 | J77: 6000 | K77: 中 | L77: 第4ロット：雨樋・軒天・付帯部系 | M77: 076.md | N77: 076.webp | O77: soffit-leak-cause | P77: 軒天 ベニヤ 張り替えについて、劣化症状、補修・塗装の判断基準、費用目安、外壁塗装と同時施工するメリットを解説します。 | Q77: 付帯部 | R77: 軒天、付帯部 | S77: 付帯部点検・外装劣化診断 | T77: 付帯部点検CTA | U77: 外壁・屋根・付帯部を無料現地調査し、今すぐ必要な工事と様子を見られる箇所を分けてご案内します。 | V77: 軒天 ベニヤ 張り替え | W77: シミ・黒ずみ・剥がれは要注意 | X77: 補修と塗装の判断ポイント | Y77: 軒天シミ・黒ずみ・住宅軒下 | Z77: 見上げる住人＋職人 | AA77: 松山市版 | AB77: 軒天訴求 | AC77: 未着手 | AD77: 画像確認済み | AE77: 未反映 | AF77: posted | AG77: post/create_only | AH77: 22079 | AI77: https://www.sunadatosou.com/?p=22079 | AJ77: 2026-06-28 10:56:46 | AL77: 3568 | AM77: 不足(目安4,500〜6,000字) | AO77: 関連：外壁塗装、雨樋、軒天、付帯部補修記事へリンク。 | AP77: H1なし／この記事でわかること／地域事情／事例／原因・費用／CTA／FAQ
A78: 77 | B78: 軒天 雨漏り | C78: 軒天 雨漏り | D78: 軒天の雨漏りはどこから？原因調査と補修方法を解説 | E78: 付帯部 | F78: 付帯部型 | G78: 地域サービス型 | H78: 4,500〜6,000字 | I78: 4500 | J78: 6000 | K78: 中 | L78: 第4ロット：雨樋・軒天・付帯部系 | M78: 077.md | N78: 077.webp | O78: soffit-leak-cause | P78: 軒天 雨漏りについて、劣化症状、補修・塗装の判断基準、費用目安、外壁塗装と同時施工するメリットを解説します。 | Q78: 付帯部 | R78: 雨漏り、軒天、付帯部 | S78: 雨漏り無料点検・無料見積り | T78: 雨漏り無料点検CTA | U78: 松山市で雨漏りが気になる方は、まずは無料点検・無料見積りをご利用ください。原因を確認し、必要な工事だけをご提案します。 | V78: 軒天 雨漏り | W78: シミ・黒ずみ・剥がれは要注意 | X78: 補修と塗装の判断ポイント | Y78: 軒天シミ・黒ずみ・住宅軒下 | Z78: 見上げる住人＋職人 | AA78: 松山市版 | AB78: 軒天訴求 | AC78: 未着手 | AD78: 画像確認済み | AE78: 未反映 | AF78: updated | AG78: post/update_only | AH78: 21983 | AI78: https://www.sunadatosou.com/?p=21983 | AK78: 2026-06-28 11:24:08 | AL78: 3551 | AM78: 不足(目安4,500〜6,000字) | AO78: 関連：外壁塗装、雨樋、軒天、付帯部補修記事へリンク。 | AP78: H1なし／この記事でわかること／地域事情／事例／原因・費用／CTA／FAQ
A79: 78 | B79: 軒天 塗装 費用 | C79: 軒天 塗装 費用 | D79: 軒天塗装の費用相場はいくら？単価・足場代・注意点 | E79: 付帯部 | F79: 費用・相場型 | G79: 費用・相場型 | H79: 4,500〜6,000字 | I79: 4500 | J79: 6000 | K79: 中 | L79: 第4ロット：雨樋・軒天・付帯部系 | M79: 078.md | N79: 078.webp | O79: soffit-paint-cost | P79: 軒天 塗装 費用について、費用相場、内訳、金額が変わる要因、見積もり時の注意点をわかりやすく解説します。 | Q79: 付帯部 | R79: 軒天、費用、付帯部 | S79: 無料見積り・費用根拠の見える化 | T79: 無料見積りCTA | U79: 費用は原因箇所や補修範囲で変わります。現地調査で状態を確認し、見積もりの根拠を写真付きでご説明します。 | V79: 軒天 塗装 費用 | W79: シミ・黒ずみ・剥がれは要注意 | X79: 補修と塗装の判断ポイント | Y79: 軒天シミ・黒ずみ・住宅軒下 | Z79: 見上げる住人＋職人 | AA79: 松山市版 | AB79: 軒天訴求 | AC79: 未着手 | AD79: 画像確認済み | AE79: 未反映 | AF79: posted | AG79: post/create_only | AH79: 22081 | AI79: https://www.sunadatosou.com/?p=22081 | AJ79: 2026-06-28 10:56:57 | AL79: 3554 | AM79: 不足(目安4,500〜6,000字) | AO79: 関連：外壁塗装、雨樋、軒天、付帯部補修記事へリンク。 | AP79: H1なし／この記事でわかること／地域事情／事例／原因・費用／CTA／FAQ
A80: 79 | B80: 軒天 補修 | C80: 軒天 補修 | D80: 軒天補修の方法とは？剥がれ・シミ・雨漏り症状別に解説 | E80: 付帯部 | F80: 付帯部型 | G80: 地域サービス型 | H80: 4,500〜6,000字 | I80: 4500 | J80: 6000 | K80: 中 | L80: 第4ロット：雨樋・軒天・付帯部系 | M80: 079.md | N80: 079.webp | O80: soffit-repair | P80: 軒天 補修について、劣化症状、補修・塗装の判断基準、費用目安、外壁塗装と同時施工するメリットを解説します。 | Q80: 付帯部 | R80: 軒天、付帯部 | S80: 付帯部点検・外装劣化診断 | T80: 付帯部点検CTA | U80: 外壁・屋根・付帯部を無料現地調査し、今すぐ必要な工事と様子を見られる箇所を分けてご案内します。 | V80: 軒天 補修 | W80: シミ・黒ずみ・剥がれは要注意 | X80: 補修と塗装の判断ポイント | Y80: 軒天シミ・黒ずみ・住宅軒下 | Z80: 見上げる住人＋職人 | AA80: 松山市版 | AB80: 軒天訴求 | AC80: 未着手 | AD80: 画像確認済み | AE80: 未反映 | AF80: posted | AG80: post/create_only | AH80: 22083 | AI80: https://www.sunadatosou.com/?p=22083 | AJ80: 2026-06-28 10:57:07 | AL80: 3554 | AM80: 不足(目安4,500〜6,000字) | AO80: 関連：外壁塗装、雨樋、軒天、付帯部補修記事へリンク。 | AP80: H1なし／この記事でわかること／地域事情／事例／原因・費用／CTA／FAQ
A81: 80 | B81: 軒天 材料 種類 | C81: 軒天 材料 種類 | D81: 軒天の材料には何がある？種類・特徴・選び方を解説 | E81: 付帯部 | F81: 付帯部型 | G81: 地域サービス型 | H81: 4,500〜6,000字 | I81: 4500 | J81: 6000 | K81: 中 | L81: 第4ロット：雨樋・軒天・付帯部系 | M81: 080.md | N81: 080.webp | O81: soffit-material-types | P81: 軒天 材料 種類について、劣化症状、補修・塗装の判断基準、費用目安、外壁塗装と同時施工するメリットを解説します。 | Q81: 付帯部 | R81: 軒天、付帯部 | S81: 付帯部点検・外装劣化診断 | T81: 付帯部点検CTA | U81: 外壁・屋根・付帯部を無料現地調査し、今すぐ必要な工事と様子を見られる箇所を分けてご案内します。 | V81: 軒天 材料 種類 | W81: シミ・黒ずみ・剥がれは要注意 | X81: 補修と塗装の判断ポイント | Y81: 軒天シミ・黒ずみ・住宅軒下 | Z81: 見上げる住人＋職人 | AA81: 松山市版 | AB81: 軒天訴求 | AC81: 未着手 | AD81: 画像確認済み | AE81: 未反映 | AF81: posted | AG81: post/create_only | AH81: 22085 | AI81: https://www.sunadatosou.com/?p=22085 | AJ81: 2026-06-28 10:57:17 | AL81: 3567 | AM81: 不足(目安4,500〜6,000字) | AO81: 関連：外壁塗装、雨樋、軒天、付帯部補修記事へリンク。 | AP81: H1なし／この記事でわかること／地域事情／事例／原因・費用／CTA／FAQ

Sheet アイキャッチ制作指示
A1: No | B1: 指定KW | C1: 画像ファイル名 | D1: アイキャッチ主コピー | E1: アイキャッチサブコピー | F1: 補助コピー | G1: 背景モチーフ | H1: 人物モチーフ | I1: 地域要素 | J1: 方向性 | K1: 備考
A2: 1 | B2: 松山市 雨漏り修理 | C2: 001.webp | D2: 松山市の雨漏り修理 | E2: 原因・費用・業者選びをプロが解説 | F2: 無料点検受付中 | G2: 天井シミ・雨だれ・屋根点検 | H2: ヘルメットの職人 | I2: 松山市版 | J2: 強めサムネ・雨漏り訴求
A3: 2 | B3: 松山市 雨漏り調査 | C3: 002.webp | D3: 雨漏り調査は原因特定が命 | E3: 散水調査・写真付き診断を解説 | F3: 見えない侵入口を確認 | G3: 外壁ひび割れ・サッシ・虫眼鏡 | H3: 虫眼鏡を持つ職人 | I3: 松山市版 | J3: 調査訴求・原因特定
A4: 3 | B4: 松山市 雨漏り診断 | C4: 003.webp | D4: これって雨漏り？ | E4: 天井シミ・壁紙浮き・カビ臭を確認 | F4: 無料現地診断でチェック | G4: 住宅外観・チェックリスト・雨染み | H4: 困った住人＋職人 | I4: 松山市版 | J4: 診断訴求・不安解消
A5: 4 | B5: 松山市 雨漏り業者 | C5: 004.webp | D5: 雨漏り業者の選び方 | E5: 安さだけで選ぶと危険!? | F5: 見積り・保証・原因説明 | G5: 見積書・住宅外観・比較表 | H5: 考える住人＋職人 | I5: 松山市版 | J5: 業者選び訴求
A6: 5 | B6: 松山市 雨漏り修理 費用 | C6: 005.webp | D6: 雨漏り修理の費用はいくら？ | E6: 相場と内訳を職人が解説 | F6: 応急処置／屋根補修／防水工事 | G6: 見積書・天井シミ・屋根修理の現場 | H6: 不安そうな住人＋職人 | I6: 松山市版 | J6: 強めサムネ・費用訴求
A7: 6 | B7: 松山市 雨漏り 原因 | C7: 006.webp | D7: 雨漏り 原因の原因は？ | E7: 放置リスクと対処法を解説 | F7: 早めの確認が大切 | G7: 劣化箇所の拡大・雨染み・ひび割れ | H7: 職人 | I7: 松山市版 | J7: 原因解説訴求
A8: 7 | B8: 松山市 ベランダ雨漏り | C8: 007.webp | D8: ベランダ雨漏り | E8: 雨漏り前に防水状態をチェック | F8: 費用・耐用年数を解説 | G8: ベランダ床・防水層・排水口 | H8: 点検する職人 | I8: 松山市版 | J8: 防水訴求
A9: 8 | B9: 松山市 サッシ雨漏り | C9: 008.webp | D9: サッシ雨漏り | E9: 症状・費用・注意点を解説 | F9: プロが分かりやすく解説 | G9: 住宅外観・劣化箇所 | H9: 職人 | I9: 松山市版 | J9: 汎用外装訴求
A10: 9 | B10: 松山市 外壁雨漏り | C10: 009.webp | D10: 外壁雨漏り | E10: 症状・費用・注意点を解説 | F10: プロが分かりやすく解説 | G10: 住宅外観・劣化箇所 | H10: 職人 | I10: 松山市版 | J10: 汎用外装訴求
A11: 10 | B11: 松山市 屋根雨漏り | C11: 010.webp | D11: 屋根雨漏り | E11: 雨漏り前に劣化を確認 | F11: 屋根点検・修理方法を解説 | G11: 屋根材・瓦・板金・雨空 | H11: 屋根を点検する職人 | I11: 松山市版 | J11: 屋根修理訴求
A12: 11 | B12: 松山市 屋根修理 | C12: 011.webp | D12: 屋根修理 | E12: 雨漏り前に劣化を確認 | F12: 屋根点検・修理方法を解説 | G12: 屋根材・瓦・板金・雨空 | H12: 屋根を点検する職人 | I12: 松山市版 | J12: 屋根修理訴求
A13: 12 | B13: 松山市 棟板金修理 | C13: 012.webp | D13: 棟板金修理 | E13: 雨漏り前に劣化を確認 | F13: 屋根点検・修理方法を解説 | G13: 屋根材・瓦・板金・雨空 | H13: 屋根を点検する職人 | I13: 松山市版 | J13: 屋根修理訴求
... A81: 80 | B81: 軒天 材料 種類 | C81: 080.webp | D81: 軒天 材料 種類 | E81: シミ・黒ずみ・剥がれは要注意 | F81: 補修と塗装の判断ポイント | G81: 軒天シミ・黒ずみ・住宅軒下 | H81: 見上げる住人＋職人 | I81: 松山市版 | J81: 軒天訴求

Sheet 記事制作ルール
A1: 区分 | B1: ルール | C1: 詳細
A2: 記事本文 | B2: H1は入れない | C2: WordPress投稿タイトルでH1が出るため、MD本文は導入文から開始する。
A3: 記事本文 | B3: 砂田塗装ブログ型 | C3: 症状の悩み→この記事でわかること→地域事情→原因・症状→事例→費用→業者選び→CTA→FAQ→まとめ。
A4: 記事本文 | B4: 地域性 | C4: 松山市の紫外線・台風・湿気・塩害・地域名（久米、石井、余戸、三津、北条、道後など）を自然に入れる。
A5: 記事本文 | B5: 訴求サービス | C5: 無料点検、外装劣化診断、写真付き劣化診断書、必要な工事だけ提案、職人目線を入れる。
A6: 記事本文 | B6: 内部リンク | C6: 雨漏り修理、外装劣化診断、料金目安、関連ブログ、施工事例へ自然に誘導する。
A7: アイキャッチ | B7: 記事ごとに作り分け | C7: 背景・人物・症状・訴求をKWごとに変更する。共通テンプレートだけにしない。
A8: アイキャッチ | B8: 文字後乗せ | C8: 日本語文字は画像生成AIではなく、後から合成して誤字崩れを防ぐ。
A9: GitHub | B9: ファイル名 | C9: 記事は articles/001.md、画像は eyecatches/001.webp の形式で管理する。
A10: Actions | B10: 実行順 | C10: dry-run → post/create_only limit=1 → WordPress確認 → 5〜10件投稿 → 管理簿更新。
A11: Actions | B11: 更新テスト | C11: 既存下書きを更新する場合は write_mode=update_only、または upsert を使う。

Sheet 設定
A1: 記事制作ステータス | B1: 画像制作ステータス | C1: GitHub反映ステータス | D1: 投稿ステータス | E1: 最終実行モード | F1: 主訴求サービス | G1: CTAタイプ | H1: 記事構成型 | I1: アイキャッチ方向性 | J1: 文字数判定
A2: 未着手 | B2: 未着手 | C2: 未反映 | D2: 未投稿 | E2: create_only | F2: 付帯部点検・外装劣化診断 | G2: 雨漏り無料点検CTA | H2: 地域サービス型 | I2: 付帯部訴求 | J2: OK
A3: 作成中 | B3: 作成中 | C3: 要反映 | D3: dry-run済 | E3: update_only | F3: 写真付き劣化診断書 | G3: 写真付き診断CTA | H3: 費用・相場型 | I3: 原因解説訴求 | J3: 不足
A4: 作成済 | B4: 作成済 | C4: 反映済 | D4: 下書き投稿済 | E4: upsert | F4: 国家資格者診断・必要な工事だけ提案 | G4: 外装劣化診断CTA | H4: 原因・症状解説型 | I4: 外壁塗装訴求 | J4: 超過
A5: 要再編集 | B5: 差替必要 | C5: 反映失敗 | D5: 投稿済 | F5: 外装劣化診断・外壁塗装無料見積り | G5: 無料見積りCTA | H5: 業者選び型 | I5: 屋根修理訴求
A6: 修正中 | B6: 修正中 | D6: 更新済 | F6: 外装劣化診断（無料現地調査） | G6: 屋根点検CTA | H6: 建材・屋根材注意喚起型 | I6: 強めサムネ・費用訴求
A7: 完了 | B7: 完了 | D7: 要更新確認 | F7: 屋根無料点検・屋根修理 | G7: 防水点検CTA | H7: ハウスメーカー住宅型 | I7: 強めサムネ・雨漏り訴求
D8: skipped | F8: 無料見積り・費用根拠の見える化 | G8: 付帯部点検CTA | I8: 業者選び訴求
D9: error | F9: 防水工事・シーリング工事 | I9: 汎用外装訴求
F10: 雨漏り無料点検・無料見積り | I10: 診断訴求・不安解消
I11: 調査訴求・原因特定
I12: 軒天訴求
I13: 防水訴求

Sheet 投稿結果ログ
A1: 実行日時 | B1: No | C1: 指定KW | D1: mode | E1: write_mode | F1: status | G1: WP投稿ID | H1: WP投稿URL | I1: 記事ファイル | J1: 画像ファイル | K1: message

Sheet Claude連携メモ
A1: 項目 | B1: 内容
A2: GitHub必須構成 | B2: articles/001.md、eyecatches/001.webp、data/seo_80kw_production_management_v2.xlsx
A3: wp_auto_post.pyが読む主な列 | B3: No、指定KW、記事タイトル案、スラッグ、メタディスクリプション案、WPカテゴリ、タグ案、画像ファイル名
A4: 追加で更新したい列 | B4: 投稿ステータス、WP投稿ID、WP投稿URL、最終投稿日時、最終更新日時、最終実行モード、エラー内容、文字数実績、文字数判定
A5: update_excelの方針 | B5: update_excel=true のときだけExcelを書き換え、GitHubへcommit/pushする。通常はCSV出力のみ。
A6: 新規投稿 | B6: mode=post / write_mode=create_only / post_status=draft / limit=1から開始
A7: 更新テスト | B7: mode=post / write_mode=update_only / post_status=draft / limit=1
A8: まとめ投稿 | B8: mode=post / write_mode=upsert / post_status=draft / limit=5〜10
A9: 注意 | B9: publishは最後まで使わず、基本はdraftで目視確認してから公開する。

Sheet 旧管理表バックアップ
A1: No | B1: 指定KW | C1: 管理KW | D1: 記事タイトル案 | E1: 記事カテゴリ | F1: 記事タイプ | G1: 文字数目安 | H1: 優先度 | I1: ロット | J1: アイキャッチ型 | K1: 画像内テキスト | L1: スラッグ | M1: 画像ファイル名 | N1: メタディスクリプション案 | O1: WPカテゴリ | P1: タグ案 | Q1: 制作ステータス | R1: 構成ステータス | S1: 本文ステータス | T1: アイキャッチステータス | U1: 記事URL | V1: 内部リンク方針 | W1: 備考
A2: 1 | B2: 松山市 雨漏り修理 | C2: 松山市 雨漏り修理 | D2: 松山市で雨漏り修理を依頼するなら？原因調査・費用・業者選びを解説 | E2: 雨漏り | F2: 地域サービス型 | G2: 4,500〜6,500字 | H2: 高 | I2: 第1ロット：雨漏り系 | J2: 雨漏り系 | K2: 松山市の雨漏り修理 症状・費用・注意点 | L2: matsuyama-leak-repair | M2: matsuyama-leak-repair.webp | N2: 松山市 雨漏り修理について、主な原因、放置リスク、修理方法、業者選びのポイントを松山市で検討中の方向けに解説します。 | O2: 雨漏り修理 | P2: 松山市、雨漏り、雨漏り修理 | Q2: 未着手 | R2: 未着手 | S2: 未着手 | T2: 未着手 | V2: 中心記事「松山市の雨漏り修理」へリンク。関連：雨漏り費用・調査・屋根雨漏り。
A3: 2 | B3: 松山市 雨漏り調査 | C3: 松山市 雨漏り調査 | D3: 松山市の雨漏り調査とは？調査方法・費用・依頼前の注意点 | E3: 雨漏り | F3: 地域サービス型 | G3: 4,500〜6,500字 | H3: 高 | I3: 第1ロット：雨漏り系 | J3: 雨漏り系 | K3: 松山市の雨漏り調査 症状・費用・注意点 | L3: matsuyama-leak-investigation | M3: matsuyama-leak-investigation.webp | N3: 松山市 雨漏り調査について、主な原因、放置リスク、修理方法、業者選びのポイントを松山市で検討中の方向けに解説します。 | O3: 雨漏り修理 | P3: 松山市、雨漏り、雨漏り修理 | Q3: 未着手 | R3: 未着手 | S3: 未着手 | T3: 未着手 | V3: 中心記事「松山市の雨漏り修理」へリンク。関連：雨漏り費用・調査・屋根雨漏り。
A4: 3 | B4: 松山市 雨漏り診断 | C4: 松山市 雨漏り診断 | D4: 松山市の雨漏り診断でわかること｜原因特定と修理前の確認ポイント | E4: 雨漏り | F4: 地域サービス型 | G4: 4,500〜6,500字 | H4: 高 | I4: 第1ロット：雨漏り系 | J4: 雨漏り系 | K4: 松山市の雨漏り診断 症状・費用・注意点 | L4: matsuyama-leak-diagnosis | M4: matsuyama-leak-diagnosis.webp | N4: 松山市 雨漏り診断について、主な原因、放置リスク、修理方法、業者選びのポイントを松山市で検討中の方向けに解説します。 | O4: 雨漏り修理 | P4: 松山市、雨漏り、雨漏り修理 | Q4: 未着手 | R4: 未着手 | S4: 未着手 | T4: 未着手 | V4: 中心記事「松山市の雨漏り修理」へリンク。関連：雨漏り費用・調査・屋根雨漏り。
A5: 4 | B5: 松山市 雨漏り業者 | C5: 松山市 雨漏り業者 | D5: 松山市で雨漏り業者を選ぶポイント｜失敗しない比較方法を解説 | E5: 雨漏り | F5: 地域サービス型 | G5: 5,000〜7,000字 | H5: 高 | I5: 第1ロット：雨漏り系 | J5: 雨漏り系 | K5: 松山市の雨漏り業者 症状・費用・注意点 | L5: matsuyama-leak-contractor | M5: matsuyama-leak-contractor.webp | N5: 松山市 雨漏り業者について、主な原因、放置リスク、修理方法、業者選びのポイントを松山市で検討中の方向けに解説します。 | O5: 雨漏り修理 | P5: 松山市、雨漏り、雨漏り修理 | Q5: 未着手 | R5: 未着手 | S5: 未着手 | T5: 未着手 | V5: 中心記事「松山市の雨漏り修理」へリンク。関連：雨漏り費用・調査・屋根雨漏り。
A6: 5 | B6: 松山市 雨漏り修理 費用 | C6: 松山市 雨漏り修理 費用 | D6: 松山市の雨漏り修理費用はいくら？相場・内訳・業者選びを解説 | E6: 雨漏り | F6: 地域サービス型 | G6: 5,000〜7,000字 | H6: 高 | I6: 第1ロット：雨漏り系 | J6: 雨漏り系 | K6: 雨漏り修理 費用 相場と注意点を解説 | L6: matsuyama-leak-repair-cost | M6: matsuyama-leak-repair-cost.webp | N6: 松山市 雨漏り修理 費用について、費用相場、内訳、金額が変わる要因、見積もり時の注意点をわかりやすく解説します。 | O6: 雨漏り修理 | P6: 松山市、雨漏り、費用、雨漏り修理 | Q6: 未着手 | R6: 未着手 | S6: 未着手 | T6: 未着手 | V6: 中心記事「松山市の雨漏り修理」へリンク。関連：雨漏り費用・調査・屋根雨漏り。
A7: 6 | B7: 松山市 雨漏り 原因 | C7: 松山市 雨漏り 原因 | D7: 松山市で多い雨漏りの原因とは？屋根・外壁・ベランダ別に解説 | E7: 雨漏り | F7: 地域サービス型 | G7: 4,500〜6,500字 | H7: 高 | I7: 第1ロット：雨漏り系 | J7: 雨漏り系 | K7: 雨漏り 原因 放置リスクと対処法 | L7: matsuyama-leak-cause | M7: matsuyama-leak-cause.webp | N7: 松山市 雨漏り 原因について、主な原因、放置リスク、修理方法、業者選びのポイントを松山市で検討中の方向けに解説します。 | O7: 雨漏り修理 | P7: 松山市、雨漏り、雨漏り修理 | Q7: 未着手 | R7: 未着手 | S7: 未着手 | T7: 未着手 | V7: 中心記事「松山市の雨漏り修理」へリンク。関連：雨漏り費用・調査・屋根雨漏り。
A8: 7 | B8: 松山市 ベランダ雨漏り | C8: 松山市 ベランダ雨漏り | D8: 松山市のベランダ雨漏りはなぜ起こる？原因・修理費用・防水対策 | E8: 雨漏り | F8: 地域サービス型 | G8: 4,500〜6,500字 | H8: 高 | I8: 第1ロット：雨漏り系 | J8: 雨漏り系 | K8: 松山市のベランダ雨漏り 症状・費用・注意点 | L8: matsuyama-balcony-leak | M8: matsuyama-balcony-leak.webp | N8: 松山市 ベランダ雨漏りについて、主な原因、放置リスク、修理方法、業者選びのポイントを松山市で検討中の方向けに解説します。 | O8: 雨漏り修理 | P8: 松山市、雨漏り、雨漏り修理 | Q8: 未着手 | R8: 未着手 | S8: 未着手 | T8: 未着手 | V8: 中心記事「松山市の雨漏り修理」へリンク。関連：雨漏り費用・調査・屋根雨漏り。
A9: 8 | B9: 松山市 サッシ雨漏り | C9: 松山市 サッシ雨漏り | D9: 松山市のサッシ雨漏りの原因とは？窓まわりの補修方法を解説 | E9: 雨漏り | F9: 地域サービス型 | G9: 4,500〜6,500字 | H9: 高 | I9: 第1ロット：雨漏り系 | J9: 雨漏り系 | K9: 松山市のサッシ雨漏り 症状・費用・注意点 | L9: matsuyama-sash-leak | M9: matsuyama-sash-leak.webp | N9: 松山市 サッシ雨漏りについて、主な原因、放置リスク、修理方法、業者選びのポイントを松山市で検討中の方向けに解説します。 | O9: 雨漏り修理 | P9: 松山市、雨漏り、雨漏り修理 | Q9: 未着手 | R9: 未着手 | S9: 未着手 | T9: 未着手 | V9: 中心記事「松山市の雨漏り修理」へリンク。関連：雨漏り費用・調査・屋根雨漏り。
A10: 9 | B10: 松山市 外壁雨漏り | C10: 松山市 外壁雨漏り | D10: 松山市の外壁雨漏りの原因と対策｜ひび割れ・シーリング劣化に注意 | E10: 雨漏り | F10: 地域サービス型 | G10: 4,500〜6,500字 | H10: 高 | I10: 第1ロット：雨漏り系 | J10: 雨漏り系 | K10: 松山市の外壁雨漏り 症状・費用・注意点 | L10: matsuyama-exterior-wall-leak | M10: matsuyama-exterior-wall-leak.webp | N10: 松山市 外壁雨漏りについて、主な原因、放置リスク、修理方法、業者選びのポイントを松山市で検討中の方向けに解説します。 | O10: 雨漏り修理 | P10: 松山市、雨漏り、雨漏り修理 | Q10: 未着手 | R10: 未着手 | S10: 未着手 | T10: 未着手 | V10: 中心記事「松山市の雨漏り修理」へリンク。関連：雨漏り費用・調査・屋根雨漏り。
A11: 10 | B11: 松山市 屋根雨漏り | C11: 松山市 屋根雨漏り | D11: 松山市の屋根雨漏りは早めの修理が重要｜原因・費用・業者選び | E11: 雨漏り | F11: 地域サービス型 | G11: 4,500〜6,500字 | H11: 高 | I11: 第1ロット：雨漏り系 | J11: 雨漏り系 | K11: 松山市の屋根雨漏り 症状・費用・注意点 | L11: matsuyama-roof-leak | M11: matsuyama-roof-leak.webp | N11: 松山市 屋根雨漏りについて、主な原因、放置リスク、修理方法、業者選びのポイントを松山市で検討中の方向けに解説します。 | O11: 雨漏り修理 | P11: 松山市、雨漏り、雨漏り修理 | Q11: 未着手 | R11: 未着手 | S11: 未着手 | T11: 未着手 | V11: 中心記事「松山市の雨漏り修理」へリンク。関連：雨漏り費用・調査・屋根雨漏り。
A12: 11 | B12: 松山市 屋根修理 | C12: 松山市 屋根修理 | D12: 松山市の屋根修理はどこに頼む？症状別の対処法と費用目安 | E12: 屋根修理・屋根材 | F12: 地域サービス型 | G12: 5,000〜7,000字 | H12: 高 | I12: 第2ロット：屋根修理・屋根材系 | J12: 屋根修理系 | K12: 松山市の屋根修理 症状・費用・注意点 | L12: matsuyama-roof-repair | M12: matsuyama-roof-repair.webp | N12: 松山市 屋根修理について、劣化症状、修理方法、費用目安、依頼前に確認したいポイントをわかりやすく解説します。 | O12: 屋根修理 | P12: 松山市、屋根修理 | Q12: 未着手 | R12: 未着手 | S12: 未着手 | T12: 未着手 | V12: 中心記事「松山市の屋根修理」へリンク。関連：屋根カバー・屋根材注意記事。
A13: 12 | B13: 松山市 棟板金修理 | C13: 松山市 棟板金修理 | D13: 松山市の棟板金修理とは？浮き・釘抜け・雨漏りリスクを解説 | E13: 屋根修理・屋根材 | F13: 地域サービス型 | G13: 5,000〜7,000字 | H13: 高 | I13: 第2ロット：屋根修理・屋根材系 | J13: 屋根修理系 | K13: 松山市の棟板金修理 症状・費用・注意点 | L13: matsuyama-ridge-flashing-repair | M13: matsuyama-ridge-flashing-repair.webp | N13: 松山市 棟板金修理について、劣化症状、修理方法、費用目安、依頼前に確認したいポイントをわかりやすく解説します。 | O13: 屋根修理 | P13: 松山市、屋根修理 | Q13: 未着手 | R13: 未着手 | S13: 未着手 | T13: 未着手 | V13: 中心記事「松山市の屋根修理」へリンク。関連：屋根カバー・屋根材注意記事。
... A81: 80 | B81: 軒天 材料 種類 | C81: 軒天 材料 種類 | D81: 軒天の材料には何がある？種類・特徴・選び方を解説 | E81: 付帯部 | F81: 付帯部型 | G81: 4,500〜6,000字 | H81: 中 | I81: 第4ロット：雨樋・軒天・付帯部系 | J81: 付帯部系 | K81: 軒天 材料 種類 ポイントを解説 | L81: soffit-material-types | M81: soffit-material-types.webp | N81: 軒天 材料 種類について、劣化症状、補修・塗装の判断基準、費用目安、外壁塗装と同時施工するメリットを解説します。 | O81: 付帯部 | P81: 軒天、付帯部 | Q81: 未着手 | R81: 未着手 | S81: 未着手 | T81: 未着手 | V81: 関連：外壁塗装、雨樋、軒天、付帯部補修記事へリンク。

Sheet 画像生成共通プロンプト
A1: 画像生成 共通プロンプト
A3: 使い方
A4: 1. 画像生成は必ず1記事ずつ行う
A5: 2. 『画像生成プロンプト一覧』シートの完成プロンプト列をコピーして使う
A6: 3. 保存名は eyecatches/001.png のように管理する
A8: 共通プロンプト
A9: SEO・GEO記事のアイキャッチ画像を1枚だけ生成してください。 【絶対条件】 ・1枚の画像として生成する ・複数画像のコラージュ、グリッド、一覧、分割レイアウトにしない ・左上に「001」「002」などの番号は入れない ・3:2比率 ・PNG形式で保存する想定 ・記事アイキャッチとして使える完成度にする ・フォントは Noto Sans JP を想定する ・日本語文字は大きく、読みやすく、崩れないようにする ・実写写真ベースでもよいが、見せ方は「ブログ記事サムネイル」「YouTubeサムネイル風」「SEO記事アイキャッチ風」にする ・背景、人物、訴求内容は記事テーマに合わせる ・松山市版の地域感を入れる ・過度にシンプルにしない ・余白を残しすぎない ・文字が切れないようにする ・企業ロゴを勝手に作らない ・会社名ロゴ風の表記は入れない ・ただし「無料点検」「無料見積り」「写真付き診断」などの訴求は入れてよい 【デザイン方向性】 ・参考画像のような強めのアイキャッチ ・濃紺、赤、黄色、白、緑を使った高コントラスト ・大きなメインコピー ・補助コピーを帯やラベルで配置 ・チェック項目、吹き出し、ラベルを適度に配置 ・職人、住人、住宅外観、劣化箇所などを記事内容に合わせて配置 ・「松山市版」の小さなラベルを入れる ・読み手が「この記事で何が分かるか」を一目で理解できる構成にする 【運用ルール】 ・画像生成トークでは、1回につき1記事分だけ依頼する ・完成プロンプト列をそのまま貼り付けて使う ・保存名は eyecatches/001.png のように管理する

Sheet 画像生成プロンプト一覧
A1: No | B1: 指定KW | C1: 記事タイトル | D1: 記事カテゴリ | E1: 記事タイプ | F1: 画像ファイル名(PNG) | G1: メインコピー | H1: サブコピー | I1: 補助コピー | J1: 小見出し・チェック項目 | K1: 背景モチーフ | L1: 人物モチーフ | M1: 地域要素 | N1: 方向性 | O1: 背景・構図 | P1: 画像の印象 | Q1: 個別プロンプト | R1: 完成プロンプト
A2: 使い方 | B2: 『画像生成共通プロンプト』シートを確認し、完成プロンプト列を1記事ずつ画像生成トークへ貼り付けて使用する。
A3: 001 | B3: 松山市 雨漏り修理 | C3: 松山市で雨漏り修理を依頼するなら？原因調査・費用・業者選びを解説 | D3: 雨漏り | E3: 地域サービス型 | F3: eyecatches/001.png | G3: 松山市の雨漏り修理 | H3: 原因・費用・業者選びをプロが解説 | I3: 無料点検受付中 | J3: ・天井のシミ ・屋根の劣化 ・外壁の雨染み | K3: 天井シミ・雨だれ・屋根点検 | L3: ヘルメットの職人 | M3: 松山市版 | N3: 強めサムネ・雨漏り訴求 | O3: 天井シミ、雨だれ、屋根点検が分かる背景にする。 ヘルメットの職人が、修理箇所を確認しながら、必要な工事内容を説明している。 記事テーマがひと目で伝わるよう、劣化箇所や説明アイコンを分かりやすく配置する。 「松山市版」の小さなラベルを入れる。 | P3: 強めサムネ・雨漏り訴求を意識しつつ、記事テーマが一目で伝わる強めのアイキャッチにする。 読者が『この記事で何が分かるか』を瞬時に理解できる印象にする。 | Q3: 【対象記事】 No：001 指定KW：松山市 雨漏り修理 記事タイトル：松山市で雨漏り修理を依頼するなら？原因調査・費用・業者選びを解説 【画像に入れたい文字】 メインコピー： 松山市の雨漏り修理 サブコピー： 原因・費用・業者選びをプロが解説 補助コピー： 無料点検受付中 小見出し・チェック項目： ・天井のシミ ・屋根の劣化 ・外壁の雨染み 【背景・構図】 天井シミ、雨だれ、屋根点検が分かる背景にする。 ヘルメットの職人が、修理箇所を確認しながら、必要な工事内容を説明している。 記事テーマがひと目で伝わるよう、劣化箇所や説明アイコンを分かりやすく配置する。 「松山市版」の小さなラベルを入れる。 【画像の印象】 強めサムネ・雨漏り訴求を意識しつつ、記事テーマが一目で伝わる強めのアイキャッチにする。 読者が『この記事で何が分かるか』を瞬時に理解できる印象にする。 | R3: SEO・GEO記事のアイキャッチ画像を1枚だけ生成してください。 【絶対条件】 ・1枚の画像として生成する ・複数画像のコラージュ、グリッド、一覧、分割レイアウトにしない ・左上に「001」「002」などの番号は入れない ・3:2比率 ・PNG形式で保存する想定 ・記事アイキャッチとして使える完成度にする ・フォントは Noto Sans JP を想定する ・日本語文字は大きく、読みやすく、崩れないようにする ・実写写真ベースでもよいが、見せ方は「ブログ記事サムネイル」「YouTubeサムネイル風」「SEO記事アイキャッチ風」にする ・背景、人物、訴求内容は記事テーマに合わせる ・松山市版の地域感を入れる ・過度にシンプルにしない ・余白を残しすぎない ・文字が切れないようにする ・企業ロゴを勝手に作らない ・会社名ロゴ風の表記は入れない ・ただし「無料点検」「無料見積り」「写真付き診断」などの訴求は入れてよい 【デザイン方向性】 ・参考画像のような強めのアイキャッチ ・濃紺、赤、黄色、白、緑を使った高コントラスト ・大きなメインコピー ・補助コピーを帯やラベルで配置 ・チェック項目、吹き出し、ラベルを適度に配置 ・職人、住人、住宅外観、劣化箇所などを記事内容に合わせて配置 ・「松山市版」の小さなラベルを入れる ・読み手が「この記事で何が分かるか」を一目で理解できる構成にする 【運用ルール】 ・画像生成トークでは、1回につき1記事分だけ依頼する ・完成プロンプト列をそのまま貼り付けて使う ・保存名は eyecatches/001.png のように管理する 【対象記事】 No：001 指定KW：松山市 雨漏り修理 記事タイトル：松山市で雨漏り修理を依頼するなら？原因調査・費用・業者選びを解説 【画像に入れたい文字】 メインコピー： 松山市の雨漏り修理 サブコピー： 原因・費用・業者選びをプロが解説 補助コピー： 無料点検受付中 小見出し・チェック項目： ・天井のシミ ・屋根の劣化 ・外壁の雨染み 【背景・構図】 天井シミ、雨だれ、屋根点検が分かる背景にする。 ヘルメットの職人が、修理箇所を確認しながら、必要な工事内容を説明している。 記事テーマがひと目で伝わるよう、劣化箇所や説明アイコンを分かりやすく配置する。 「松山市版」の小さなラベルを入れる。 【画像の印象】 強めサムネ・雨漏り訴求を意識しつつ、記事テーマが一目で伝わる強めのアイキャッチにする。 読者が『この記事で何が分かるか』を瞬時に理解できる印象にする。
A4: 002 | B4: 松山市 雨漏り調査 | C4: 松山市の雨漏り調査とは？調査方法・費用・依頼前の注意点 | D4: 雨漏り | E4: 地域サービス型 | F4: eyecatches/002.png | G4: 雨漏り調査は原因特定が命 | H4: 散水調査・写真付き診断を解説 | I4: 見えない侵入口を確認 | J4: ・散水調査 ・赤外線調査 ・写真付き診断書 | K4: 外壁ひび割れ・サッシ・虫眼鏡 | L4: 虫眼鏡を持つ職人 | M4: 松山市版 | N4: 調査訴求・原因特定 | O4: 外壁ひび割れ、サッシ、虫眼鏡が分かる背景にする。 虫眼鏡を持つ職人が、外壁やサッシまわりを細かく調査している。 調査用のアイコンとして、散水、赤外線カメラ、診断書を分かりやすく配置する。 「松山市版」の小さなラベルを入れる。 | P4: 修理ではなく「調査・原因特定」が主役の画像にする。 雨漏りの見えない原因をプロが調べる、という印象を強く出す。 | Q4: 【対象記事】 No：002 指定KW：松山市 雨漏り調査 記事タイトル：松山市の雨漏り調査とは？調査方法・費用・依頼前の注意点 【画像に入れたい文字】 メインコピー： 雨漏り調査は原因特定が命 サブコピー： 散水調査・写真付き診断を解説 補助コピー： 見えない侵入口を確認 小見出し・チェック項目： ・散水調査 ・赤外線調査 ・写真付き診断書 【背景・構図】 外壁ひび割れ、サッシ、虫眼鏡が分かる背景にする。 虫眼鏡を持つ職人が、外壁やサッシまわりを細かく調査している。 調査用のアイコンとして、散水、赤外線カメラ、診断書を分かりやすく配置する。 「松山市版」の小さなラベルを入れる。 【画像の印象】 修理ではなく「調査・原因特定」が主役の画像にする。 雨漏りの見えない原因をプロが調べる、という印象を強く出す。 | R4: SEO・GEO記事のアイキャッチ画像を1枚だけ生成してください。 【絶対条件】 ・1枚の画像として生成する ・複数画像のコラージュ、グリッド、一覧、分割レイアウトにしない ・左上に「001」「002」などの番号は入れない ・3:2比率 ・PNG形式で保存する想定 ・記事アイキャッチとして使える完成度にする ・フォントは Noto Sans JP を想定する ・日本語文字は大きく、読みやすく、崩れないようにする ・実写写真ベースでもよいが、見せ方は「ブログ記事サムネイル」「YouTubeサムネイル風」「SEO記事アイキャッチ風」にする ・背景、人物、訴求内容は記事テーマに合わせる ・松山市版の地域感を入れる ・過度にシンプルにしない ・余白を残しすぎない ・文字が切れないようにする ・企業ロゴを勝手に作らない ・会社名ロゴ風の表記は入れない ・ただし「無料点検」「無料見積り」「写真付き診断」などの訴求は入れてよい 【デザイン方向性】 ・参考画像のような強めのアイキャッチ ・濃紺、赤、黄色、白、緑を使った高コントラスト ・大きなメインコピー ・補助コピーを帯やラベルで配置 ・チェック項目、吹き出し、ラベルを適度に配置 ・職人、住人、住宅外観、劣化箇所などを記事内容に合わせて配置 ・「松山市版」の小さなラベルを入れる ・読み手が「この記事で何が分かるか」を一目で理解できる構成にする 【運用ルール】 ・画像生成トークでは、1回につき1記事分だけ依頼する ・完成プロンプト列をそのまま貼り付けて使う ・保存名は eyecatches/001.png のように管理する 【対象記事】 No：002 指定KW：松山市 雨漏り調査 記事タイトル：松山市の雨漏り調査とは？調査方法・費用・依頼前の注意点 【画像に入れたい文字】 メインコピー： 雨漏り調査は原因特定が命 サブコピー： 散水調査・写真付き診断を解説 補助コピー： 見えない侵入口を確認 小見出し・チェック項目： ・散水調査 ・赤外線調査 ・写真付き診断書 【背景・構図】 外壁ひび割れ、サッシ、虫眼鏡が分かる背景にする。 虫眼鏡を持つ職人が、外壁やサッシまわりを細かく調査している。 調査用のアイコンとして、散水、赤外線カメラ、診断書を分かりやすく配置する。 「松山市版」の小さなラベルを入れる。 【画像の印象】 修理ではなく「調査・原因特定」が主役の画像にする。 雨漏りの見えない原因をプロが調べる、という印象を強く出す。
A5: 003 | B5: 松山市 雨漏り診断 | C5: 松山市の雨漏り診断でわかること｜原因特定と修理前の確認ポイント | D5: 雨漏り | E5: 地域サービス型 | F5: eyecatches/003.png | G5: これって雨漏り？ | H5: 天井シミ・壁紙浮き・カビ臭を確認 | I5: 無料現地診断でチェック | J5: ・天井のシミ ・壁紙の浮き ・カビ臭い ・雨の日だけ濡れる | K5: 住宅外観・チェックリスト・雨染み | L5: 困った住人＋職人 | M5: 松山市版 | N5: 診断訴求・不安解消 | O5: 住宅外観、チェックリスト、雨染みが分かる背景にする。 困った住人＋職人が、住宅の状態を住人へわかりやすく説明している。 診断項目がひと目でわかるよう、チェックリストや吹き出しを配置する。 「松山市版」の小さなラベルを入れる。 | P5: 不安をあおりすぎず、まずは現地診断で状態を確認できる安心感を出す。 雨漏りかどうか分からない読者が相談しやすい印象にする。 | Q5: 【対象記事】 No：003 指定KW：松山市 雨漏り診断 記事タイトル：松山市の雨漏り診断でわかること｜原因特定と修理前の確認ポイント 【画像に入れたい文字】 メインコピー： これって雨漏り？ サブコピー： 天井シミ・壁紙浮き・カビ臭を確認 補助コピー： 無料現地診断でチェック 小見出し・チェック項目： ・天井のシミ ・壁紙の浮き ・カビ臭い ・雨の日だけ濡れる 【背景・構図】 住宅外観、チェックリスト、雨染みが分かる背景にする。 困った住人＋職人が、住宅の状態を住人へわかりやすく説明している。 診断項目がひと目でわかるよう、チェックリストや吹き出しを配置する。 「松山市版」の小さなラベルを入れる。 【画像の印象】 不安をあおりすぎず、まずは現地診断で状態を確認できる安心感を出す。 雨漏りかどうか分からない読者が相談しやすい印象にする。 | R5: SEO・GEO記事のアイキャッチ画像を1枚だけ生成してください。 【絶対条件】 ・1枚の画像として生成する ・複数画像のコラージュ、グリッド、一覧、分割レイアウトにしない ・左上に「001」「002」などの番号は入れない ・3:2比率 ・PNG形式で保存する想定 ・記事アイキャッチとして使える完成度にする ・フォントは Noto Sans JP を想定する ・日本語文字は大きく、読みやすく、崩れないようにする ・実写写真ベースでもよいが、見せ方は「ブログ記事サムネイル」「YouTubeサムネイル風」「SEO記事アイキャッチ風」にする ・背景、人物、訴求内容は記事テーマに合わせる ・松山市版の地域感を入れる ・過度にシンプルにしない ・余白を残しすぎない ・文字が切れないようにする ・企業ロゴを勝手に作らない ・会社名ロゴ風の表記は入れない ・ただし「無料点検」「無料見積り」「写真付き診断」などの訴求は入れてよい 【デザイン方向性】 ・参考画像のような強めのアイキャッチ ・濃紺、赤、黄色、白、緑を使った高コントラスト ・大きなメインコピー ・補助コピーを帯やラベルで配置 ・チェック項目、吹き出し、ラベルを適度に配置 ・職人、住人、住宅外観、劣化箇所などを記事内容に合わせて配置 ・「松山市版」の小さなラベルを入れる ・読み手が「この記事で何が分かるか」を一目で理解できる構成にする 【運用ルール】 ・画像生成トークでは、1回につき1記事分だけ依頼する ・完成プロンプト列をそのまま貼り付けて使う ・保存名は eyecatches/001.png のように管理する 【対象記事】 No：003 指定KW：松山市 雨漏り診断 記事タイトル：松山市の雨漏り診断でわかること｜原因特定と修理前の確認ポイント 【画像に入れたい文字】 メインコピー： これって雨漏り？ サブコピー： 天井シミ・壁紙浮き・カビ臭を確認 補助コピー： 無料現地診断でチェック 小見出し・チェック項目： ・天井のシミ ・壁紙の浮き ・カビ臭い ・雨の日だけ濡れる 【背景・構図】 住宅外観、チェックリスト、雨染みが分かる背景にする。 困った住人＋職人が、住宅の状態を住人へわかりやすく説明している。 診断項目がひと目でわかるよう、チェックリストや吹き出しを配置する。 「松山市版」の小さなラベルを入れる。 【画像の印象】 不安をあおりすぎず、まずは現地診断で状態を確認できる安心感を出す。 雨漏りかどうか分からない読者が相談しやすい印象にする。
A6: 004 | B6: 松山市 雨漏り業者 | C6: 松山市で雨漏り業者を選ぶポイント｜失敗しない比較方法を解説 | D6: 雨漏り | E6: 地域サービス型 | F6: eyecatches/004.png | G6: 雨漏り業者の選び方 | H6: 安さだけで選ぶと危険!? | I6: 見積り・保証・原因説明 | J6: ・見積りの内容 ・原因の説明 ・保証・アフター ・地域での実績 | K6: 見積書・住宅外観・比較表 | L6: 考える住人＋職人 | M6: 松山市版 | N6: 業者選び訴求 | O6: 見積書、住宅外観、比較表が分かる背景にする。 考える住人＋職人が、見積書や比較ポイントを示しながら相談に乗っている。 見積書、比較表、保証のアイコンなどを分かりやすく配置する。 「松山市版」の小さなラベルを入れる。 | P6: 業者選びで失敗したくない読者に向けて、比較ポイントが一目で伝わる画像にする。 安さだけではなく、説明・見積り・保証が大切だと感じられる印象にする。 | Q6: 【対象記事】 No：004 指定KW：松山市 雨漏り業者 記事タイトル：松山市で雨漏り業者を選ぶポイント｜失敗しない比較方法を解説 【画像に入れたい文字】 メインコピー： 雨漏り業者の選び方 サブコピー： 安さだけで選ぶと危険!? 補助コピー： 見積り・保証・原因説明 小見出し・チェック項目： ・見積りの内容 ・原因の説明 ・保証・アフター ・地域での実績 【背景・構図】 見積書、住宅外観、比較表が分かる背景にする。 考える住人＋職人が、見積書や比較ポイントを示しながら相談に乗っている。 見積書、比較表、保証のアイコンなどを分かりやすく配置する。 「松山市版」の小さなラベルを入れる。 【画像の印象】 業者選びで失敗したくない読者に向けて、比較ポイントが一目で伝わる画像にする。 安さだけではなく、説明・見積り・保証が大切だと感じられる印象にする。 | R6: SEO・GEO記事のアイキャッチ画像を1枚だけ生成してください。 【絶対条件】 ・1枚の画像として生成する ・複数画像のコラージュ、グリッド、一覧、分割レイアウトにしない ・左上に「001」「002」などの番号は入れない ・3:2比率 ・PNG形式で保存する想定 ・記事アイキャッチとして使える完成度にする ・フォントは Noto Sans JP を想定する ・日本語文字は大きく、読みやすく、崩れないようにする ・実写写真ベースでもよいが、見せ方は「ブログ記事サムネイル」「YouTubeサムネイル風」「SEO記事アイキャッチ風」にする ・背景、人物、訴求内容は記事テーマに合わせる ・松山市版の地域感を入れる ・過度にシンプルにしない ・余白を残しすぎない ・文字が切れないようにする ・企業ロゴを勝手に作らない ・会社名ロゴ風の表記は入れない ・ただし「無料点検」「無料見積り」「写真付き診断」などの訴求は入れてよい 【デザイン方向性】 ・参考画像のような強めのアイキャッチ ・濃紺、赤、黄色、白、緑を使った高コントラスト ・大きなメインコピー ・補助コピーを帯やラベルで配置 ・チェック項目、吹き出し、ラベルを適度に配置 ・職人、住人、住宅外観、劣化箇所などを記事内容に合わせて配置 ・「松山市版」の小さなラベルを入れる ・読み手が「この記事で何が分かるか」を一目で理解できる構成にする 【運用ルール】 ・画像生成トークでは、1回につき1記事分だけ依頼する ・完成プロンプト列をそのまま貼り付けて使う ・保存名は eyecatches/001.png のように管理する 【対象記事】 No：004 指定KW：松山市 雨漏り業者 記事タイトル：松山市で雨漏り業者を選ぶポイント｜失敗しない比較方法を解説 【画像に入れたい文字】 メインコピー： 雨漏り業者の選び方 サブコピー： 安さだけで選ぶと危険!? 補助コピー： 見積り・保証・原因説明 小見出し・チェック項目： ・見積りの内容 ・原因の説明 ・保証・アフター ・地域での実績 【背景・構図】 見積書、住宅外観、比較表が分かる背景にする。 考える住人＋職人が、見積書や比較ポイントを示しながら相談に乗っている。 見積書、比較表、保証のアイコンなどを分かりやすく配置する。 「松山市版」の小さなラベルを入れる。 【画像の印象】 業者選びで失敗したくない読者に向けて、比較ポイントが一目で伝わる画像にする。 安さだけではなく、説明・見積り・保証が大切だと感じられる印象にする。
A7: 005 | B7: 松山市 雨漏り修理 費用 | C7: 松山市の雨漏り修理費用はいくら？相場・内訳・業者選びを解説 | D7: 雨漏り | E7: 地域サービス型 | F7: eyecatches/005.png | G7: 雨漏り修理の費用はいくら？ | H7: 相場と内訳を職人が解説 | I7: 応急処置／屋根補修／防水工事 | J7: ・応急処置 ・屋根補修 ・防水工事 ・費用の内訳 | K7: 見積書・天井シミ・屋根修理の現場 | L7: 不安そうな住人＋職人 | M7: 松山市版 | N7: 強めサムネ・費用訴求 | O7: 見積書、天井シミ、屋根修理の現場が分かる背景にする。 不安そうな住人＋職人が、見積書や工事内容を示しながら費用の違いを説明している。 見積書、金額ラベル、費用内訳のアイコンなどを分かりやすく配置する。 「松山市版」の小さなラベルを入れる。 | P7: 費用への不安を持つ読者に向けて、相場や内訳が分かりやすい印象にする。 安売り感ではなく、無料見積りで納得して相談できる安心感を出す。 | Q7: 【対象記事】 No：005 指定KW：松山市 雨漏り修理 費用 記事タイトル：松山市の雨漏り修理費用はいくら？相場・内訳・業者選びを解説 【画像に入れたい文字】 メインコピー： 雨漏り修理の費用はいくら？ サブコピー： 相場と内訳を職人が解説 補助コピー： 応急処置／屋根補修／防水工事 小見出し・チェック項目： ・応急処置 ・屋根補修 ・防水工事 ・費用の内訳 【背景・構図】 見積書、天井シミ、屋根修理の現場が分かる背景にする。 不安そうな住人＋職人が、見積書や工事内容を示しながら費用の違いを説明している。 見積書、金額ラベル、費用内訳のアイコンなどを分かりやすく配置する。 「松山市版」の小さなラベルを入れる。 【画像の印象】 費用への不安を持つ読者に向けて、相場や内訳が分かりやすい印象にする。 安売り感ではなく、無料見積りで納得して相談できる安心感を出す。 | R7: SEO・GEO記事のアイキャッチ画像を1枚だけ生成してください。 【絶対条件】 ・1枚の画像として生成する ・複数画像のコラージュ、グリッド、一覧、分割レイアウトにしない ・左上に「001」「002」などの番号は入れない ・3:2比率 ・PNG形式で保存する想定 ・記事アイキャッチとして使える完成度にする ・フォントは Noto Sans JP を想定する ・日本語文字は大きく、読みやすく、崩れないようにする ・実写写真ベースでもよいが、見せ方は「ブログ記事サムネイル」「YouTubeサムネイル風」「SEO記事アイキャッチ風」にする ・背景、人物、訴求内容は記事テーマに合わせる ・松山市版の地域感を入れる ・過度にシンプルにしない ・余白を残しすぎない ・文字が切れないようにする ・企業ロゴを勝手に作らない ・会社名ロゴ風の表記は入れない ・ただし「無料点検」「無料見積り」「写真付き診断」などの訴求は入れてよい 【デザイン方向性】 ・参考画像のような強めのアイキャッチ ・濃紺、赤、黄色、白、緑を使った高コントラスト ・大きなメインコピー ・補助コピーを帯やラベルで配置 ・チェック項目、吹き出し、ラベルを適度に配置 ・職人、住人、住宅外観、劣化箇所などを記事内容に合わせて配置 ・「松山市版」の小さなラベルを入れる ・読み手が「この記事で何が分かるか」を一目で理解できる構成にする 【運用ルール】 ・画像生成トークでは、1回につき1記事分だけ依頼する ・完成プロンプト列をそのまま貼り付けて使う ・保存名は eyecatches/001.png のように管理する 【対象記事】 No：005 指定KW：松山市 雨漏り修理 費用 記事タイトル：松山市の雨漏り修理費用はいくら？相場・内訳・業者選びを解説 【画像に入れたい文字】 メインコピー： 雨漏り修理の費用はいくら？ サブコピー： 相場と内訳を職人が解説 補助コピー： 応急処置／屋根補修／防水工事 小見出し・チェック項目： ・応急処置 ・屋根補修 ・防水工事 ・費用の内訳 【背景・構図】 見積書、天井シミ、屋根修理の現場が分かる背景にする。 不安そうな住人＋職人が、見積書や工事内容を示しながら費用の違いを説明している。 見積書、金額ラベル、費用内訳のアイコンなどを分かりやすく配置する。 「松山市版」の小さなラベルを入れる。 【画像の印象】 費用への不安を持つ読者に向けて、相場や内訳が分かりやすい印象にする。 安売り感ではなく、無料見積りで納得して相談できる安心感を出す。
A8: 006 | B8: 松山市 雨漏り 原因 | C8: 松山市で多い雨漏りの原因とは？屋根・外壁・ベランダ別に解説 | D8: 雨漏り | E8: 地域サービス型 | F8: eyecatches/006.png | G8: 雨漏り 原因の原因は？ | H8: 放置リスクと対処法を解説 | I8: 早めの確認が大切 | J8: ・屋根からの侵入 ・外壁のひび割れ ・サッシまわり ・ベランダ防水の劣化 | K8: 劣化箇所の拡大・雨染み・ひび割れ | L8: 職人 | M8: 松山市版 | N8: 原因解説訴求 | O8: 劣化箇所の拡大、雨染み、ひび割れが分かる背景にする。 職人が、雨漏りや劣化の原因箇所を指さして説明している。 ひび割れ、コーキング、雨染みなど原因箇所が分かる要素を配置する。 「松山市版」の小さなラベルを入れる。 | P8: 原因や症状が一目で伝わる、分かりやすい解説型の画像にする。 放置リスクと早めの対策の大切さが伝わる印象にする。 | Q8: 【対象記事】 No：006 指定KW：松山市 雨漏り 原因 記事タイトル：松山市で多い雨漏りの原因とは？屋根・外壁・ベランダ別に解説 【画像に入れたい文字】 メインコピー： 雨漏り 原因の原因は？ サブコピー： 放置リスクと対処法を解説 補助コピー： 早めの確認が大切 小見出し・チェック項目： ・屋根からの侵入 ・外壁のひび割れ ・サッシまわり ・ベランダ防水の劣化 【背景・構図】 劣化箇所の拡大、雨染み、ひび割れが分かる背景にする。 職人が、雨漏りや劣化の原因箇所を指さして説明している。 ひび割れ、コーキング、雨染みなど原因箇所が分かる要素を配置する。 「松山市版」の小さなラベルを入れる。 【画像の印象】 原因や症状が一目で伝わる、分かりやすい解説型の画像にする。 放置リスクと早めの対策の大切さが伝わる印象にする。 | R8: SEO・GEO記事のアイキャッチ画像を1枚だけ生成してください。 【絶対条件】 ・1枚の画像として生成する ・複数画像のコラージュ、グリッド、一覧、分割レイアウトにしない ・左上に「001」「002」などの番号は入れない ・3:2比率 ・PNG形式で保存する想定 ・記事アイキャッチとして使える完成度にする ・フォントは Noto Sans JP を想定する ・日本語文字は大きく、読みやすく、崩れないようにする ・実写写真ベースでもよいが、見せ方は「ブログ記事サムネイル」「YouTubeサムネイル風」「SEO記事アイキャッチ風」にする ・背景、人物、訴求内容は記事テーマに合わせる ・松山市版の地域感を入れる ・過度にシンプルにしない ・余白を残しすぎない ・文字が切れないようにする ・企業ロゴを勝手に作らない ・会社名ロゴ風の表記は入れない ・ただし「無料点検」「無料見積り」「写真付き診断」などの訴求は入れてよい 【デザイン方向性】 ・参考画像のような強めのアイキャッチ ・濃紺、赤、黄色、白、緑を使った高コントラスト ・大きなメインコピー ・補助コピーを帯やラベルで配置 ・チェック項目、吹き出し、ラベルを適度に配置 ・職人、住人、住宅外観、劣化箇所などを記事内容に合わせて配置 ・「松山市版」の小さなラベルを入れる ・読み手が「この記事で何が分かるか」を一目で理解できる構成にする 【運用ルール】 ・画像生成トークでは、1回につき1記事分だけ依頼する ・完成プロンプト列をそのまま貼り付けて使う ・保存名は eyecatches/001.png のように管理する 【対象記事】 No：006 指定KW：松山市 雨漏り 原因 記事タイトル：松山市で多い雨漏りの原因とは？屋根・外壁・ベランダ別に解説 【画像に入れたい文字】 メインコピー： 雨漏り 原因の原因は？ サブコピー： 放置リスクと対処法を解説 補助コピー： 早めの確認が大切 小見出し・チェック項目： ・屋根からの侵入 ・外壁のひび割れ ・サッシまわり ・ベランダ防水の劣化 【背景・構図】 劣化箇所の拡大、雨染み、ひび割れが分かる背景にする。 職人が、雨漏りや劣化の原因箇所を指さして説明している。 ひび割れ、コーキング、雨染みなど原因箇所が分かる要素を配置する。 「松山市版」の小さなラベルを入れる。 【画像の印象】 原因や症状が一目で伝わる、分かりやすい解説型の画像にする。 放置リスクと早めの対策の大切さが伝わる印象にする。
A9: 007 | B9: 松山市 ベランダ雨漏り | C9: 松山市のベランダ雨漏りはなぜ起こる？原因・修理費用・防水対策 | D9: 雨漏り | E9: 地域サービス型 | F9: eyecatches/007.png | G9: ベランダ雨漏り | H9: 雨漏り前に防水状態をチェック | I9: 費用・耐用年数を解説 | J9: ・防水層の劣化 ・ひび割れ ・排水不良 ・トップコートの傷み | K9: ベランダ床・防水層・排水口 | L9: 点検する職人 | M9: 松山市版 | N9: 防水訴求 | O9: ベランダ床、防水層、排水口が分かる背景にする。 点検する職人が、住まいの状態を確認しながら、ポイントを説明している。 記事テーマがひと目で伝わるよう、劣化箇所や説明アイコンを分かりやすく配置する。 「松山市版」の小さなラベルを入れる。 | P9: 防水訴求を意識しつつ、記事テーマが一目で伝わる強めのアイキャッチにする。 読者が『この記事で何が分かるか』を瞬時に理解できる印象にする。 | Q9: 【対象記事】 No：007 指定KW：松山市 ベランダ雨漏り 記事タイトル：松山市のベランダ雨漏りはなぜ起こる？原因・修理費用・防水対策 【画像に入れたい文字】 メインコピー： ベランダ雨漏り サブコピー： 雨漏り前に防水状態をチェック 補助コピー： 費用・耐用年数を解説 小見出し・チェック項目： ・防水層の劣化 ・ひび割れ ・排水不良 ・トップコートの傷み 【背景・構図】 ベランダ床、防水層、排水口が分かる背景にする。 点検する職人が、住まいの状態を確認しながら、ポイントを説明している。 記事テーマがひと目で伝わるよう、劣化箇所や説明アイコンを分かりやすく配置する。 「松山市版」の小さなラベルを入れる。 【画像の印象】 防水訴求を意識しつつ、記事テーマが一目で伝わる強めのアイキャッチにする。 読者が『この記事で何が分かるか』を瞬時に理解できる印象にする。 | R9: SEO・GEO記事のアイキャッチ画像を1枚だけ生成してください。 【絶対条件】 ・1枚の画像として生成する ・複数画像のコラージュ、グリッド、一覧、分割レイアウトにしない ・左上に「001」「002」などの番号は入れない ・3:2比率 ・PNG形式で保存する想定 ・記事アイキャッチとして使える完成度にする ・フォントは Noto Sans JP を想定する ・日本語文字は大きく、読みやすく、崩れないようにする ・実写写真ベースでもよいが、見せ方は「ブログ記事サムネイル」「YouTubeサムネイル風」「SEO記事アイキャッチ風」にする ・背景、人物、訴求内容は記事テーマに合わせる ・松山市版の地域感を入れる ・過度にシンプルにしない ・余白を残しすぎない ・文字が切れないようにする ・企業ロゴを勝手に作らない ・会社名ロゴ風の表記は入れない ・ただし「無料点検」「無料見積り」「写真付き診断」などの訴求は入れてよい 【デザイン方向性】 ・参考画像のような強めのアイキャッチ ・濃紺、赤、黄色、白、緑を使った高コントラスト ・大きなメインコピー ・補助コピーを帯やラベルで配置 ・チェック項目、吹き出し、ラベルを適度に配置 ・職人、住人、住宅外観、劣化箇所などを記事内容に合わせて配置 ・「松山市版」の小さなラベルを入れる ・読み手が「この記事で何が分かるか」を一目で理解できる構成にする 【運用ルール】 ・画像生成トークでは、1回につき1記事分だけ依頼する ・完成プロンプト列をそのまま貼り付けて使う ・保存名は eyecatches/001.png のように管理する 【対象記事】 No：007 指定KW：松山市 ベランダ雨漏り 記事タイトル：松山市のベランダ雨漏りはなぜ起こる？原因・修理費用・防水対策 【画像に入れたい文字】 メインコピー： ベランダ雨漏り サブコピー： 雨漏り前に防水状態をチェック 補助コピー： 費用・耐用年数を解説 小見出し・チェック項目： ・防水層の劣化 ・ひび割れ ・排水不良 ・トップコートの傷み 【背景・構図】 ベランダ床、防水層、排水口が分かる背景にする。 点検する職人が、住まいの状態を確認しながら、ポイントを説明している。 記事テーマがひと目で伝わるよう、劣化箇所や説明アイコンを分かりやすく配置する。 「松山市版」の小さなラベルを入れる。 【画像の印象】 防水訴求を意識しつつ、記事テーマが一目で伝わる強めのアイキャッチにする。 読者が『この記事で何が分かるか』を瞬時に理解できる印象にする。
A10: 008 | B10: 松山市 サッシ雨漏り | C10: 松山市のサッシ雨漏りの原因とは？窓まわりの補修方法を解説 | D10: 雨漏り | E10: 地域サービス型 | F10: eyecatches/008.png | G10: サッシ雨漏り | H10: 症状・費用・注意点を解説 | I10: プロが分かりやすく解説 | J10: ・サッシまわり ・コーキング劣化 ・外壁の取り合い ・雨水の侵入口 | K10: 住宅外観・劣化箇所 | L10: 職人 | M10: 松山市版 | N10: 汎用外装訴求 | O10: 住宅外観、劣化箇所が分かる背景にする。 職人が、住まいの状態を確認しながら、ポイントを説明している。 記事テーマがひと目で伝わるよう、劣化箇所や説明アイコンを分かりやすく配置する。 「松山市版」の小さなラベルを入れる。 | P10: 汎用外装訴求を意識しつつ、記事テーマが一目で伝わる強めのアイキャッチにする。 読者が『この記事で何が分かるか』を瞬時に理解できる印象にする。 | Q10: 【対象記事】 No：008 指定KW：松山市 サッシ雨漏り 記事タイトル：松山市のサッシ雨漏りの原因とは？窓まわりの補修方法を解説 【画像に入れたい文字】 メインコピー： サッシ雨漏り サブコピー： 症状・費用・注意点を解説 補助コピー： プロが分かりやすく解説 小見出し・チェック項目： ・サッシまわり ・コーキング劣化 ・外壁の取り合い ・雨水の侵入口 【背景・構図】 住宅外観、劣化箇所が分かる背景にする。 職人が、住まいの状態を確認しながら、ポイントを説明している。 記事テーマがひと目で伝わるよう、劣化箇所や説明アイコンを分かりやすく配置する。 「松山市版」の小さなラベルを入れる。 【画像の印象】 汎用外装訴求を意識しつつ、記事テーマが一目で伝わる強めのアイキャッチにする。 読者が『この記事で何が分かるか』を瞬時に理解できる印象にする。 | R10: SEO・GEO記事のアイキャッチ画像を1枚だけ生成してください。 【絶対条件】 ・1枚の画像として生成する ・複数画像のコラージュ、グリッド、一覧、分割レイアウトにしない ・左上に「001」「002」などの番号は入れない ・3:2比率 ・PNG形式で保存する想定 ・記事アイキャッチとして使える完成度にする ・フォントは Noto Sans JP を想定する ・日本語文字は大きく、読みやすく、崩れないようにする ・実写写真ベースでもよいが、見せ方は「ブログ記事サムネイル」「YouTubeサムネイル風」「SEO記事アイキャッチ風」にする ・背景、人物、訴求内容は記事テーマに合わせる ・松山市版の地域感を入れる ・過度にシンプルにしない ・余白を残しすぎない ・文字が切れないようにする ・企業ロゴを勝手に作らない ・会社名ロゴ風の表記は入れない ・ただし「無料点検」「無料見積り」「写真付き診断」などの訴求は入れてよい 【デザイン方向性】 ・参考画像のような強めのアイキャッチ ・濃紺、赤、黄色、白、緑を使った高コントラスト ・大きなメインコピー ・補助コピーを帯やラベルで配置 ・チェック項目、吹き出し、ラベルを適度に配置 ・職人、住人、住宅外観、劣化箇所などを記事内容に合わせて配置 ・「松山市版」の小さなラベルを入れる ・読み手が「この記事で何が分かるか」を一目で理解できる構成にする 【運用ルール】 ・画像生成トークでは、1回につき1記事分だけ依頼する ・完成プロンプト列をそのまま貼り付けて使う ・保存名は eyecatches/001.png のように管理する 【対象記事】 No：008 指定KW：松山市 サッシ雨漏り 記事タイトル：松山市のサッシ雨漏りの原因とは？窓まわりの補修方法を解説 【画像に入れたい文字】 メインコピー： サッシ雨漏り サブコピー： 症状・費用・注意点を解説 補助コピー： プロが分かりやすく解説 小見出し・チェック項目： ・サッシまわり ・コーキング劣化 ・外壁の取り合い ・雨水の侵入口 【背景・構図】 住宅外観、劣化箇所が分かる背景にする。 職人が、住まいの状態を確認しながら、ポイントを説明している。 記事テーマがひと目で伝わるよう、劣化箇所や説明アイコンを分かりやすく配置する。 「松山市版」の小さなラベルを入れる。 【画像の印象】 汎用外装訴求を意識しつつ、記事テーマが一目で伝わる強めのアイキャッチにする。 読者が『この記事で何が分かるか』を瞬時に理解できる印象にする。
A11: 009 | B11: 松山市 外壁雨漏り | C11: 松山市の外壁雨漏りの原因と対策｜ひび割れ・シーリング劣化に注意 | D11: 雨漏り | E11: 地域サービス型 | F11: eyecatches/009.png | G11: 外壁雨漏り | H11: 症状・費用・注意点を解説 | I11: プロが分かりやすく解説 | J11: ・外壁のひび割れ ・コーキング劣化 ・塗膜の劣化 ・雨染み | K11: 住宅外観・劣化箇所 | L11: 職人 | M11: 松山市版 | N11: 汎用外装訴求 | O11: 住宅外観、劣化箇所が分かる背景にする。 職人が、住まいの状態を確認しながら、ポイントを説明している。 記事テーマがひと目で伝わるよう、劣化箇所や説明アイコンを分かりやすく配置する。 「松山市版」の小さなラベルを入れる。 | P11: 汎用外装訴求を意識しつつ、記事テーマが一目で伝わる強めのアイキャッチにする。 読者が『この記事で何が分かるか』を瞬時に理解できる印象にする。 | Q11: 【対象記事】 No：009 指定KW：松山市 外壁雨漏り 記事タイトル：松山市の外壁雨漏りの原因と対策｜ひび割れ・シーリング劣化に注意 【画像に入れたい文字】 メインコピー： 外壁雨漏り サブコピー： 症状・費用・注意点を解説 補助コピー： プロが分かりやすく解説 小見出し・チェック項目： ・外壁のひび割れ ・コーキング劣化 ・塗膜の劣化 ・雨染み 【背景・構図】 住宅外観、劣化箇所が分かる背景にする。 職人が、住まいの状態を確認しながら、ポイントを説明している。 記事テーマがひと目で伝わるよう、劣化箇所や説明アイコンを分かりやすく配置する。 「松山市版」の小さなラベルを入れる。 【画像の印象】 汎用外装訴求を意識しつつ、記事テーマが一目で伝わる強めのアイキャッチにする。 読者が『この記事で何が分かるか』を瞬時に理解できる印象にする。 | R11: SEO・GEO記事のアイキャッチ画像を1枚だけ生成してください。 【絶対条件】 ・1枚の画像として生成する ・複数画像のコラージュ、グリッド、一覧、分割レイアウトにしない ・左上に「001」「002」などの番号は入れない ・3:2比率 ・PNG形式で保存する想定 ・記事アイキャッチとして使える完成度にする ・フォントは Noto Sans JP を想定する ・日本語文字は大きく、読みやすく、崩れないようにする ・実写写真ベースでもよいが、見せ方は「ブログ記事サムネイル」「YouTubeサムネイル風」「SEO記事アイキャッチ風」にする ・背景、人物、訴求内容は記事テーマに合わせる ・松山市版の地域感を入れる ・過度にシンプルにしない ・余白を残しすぎない ・文字が切れないようにする ・企業ロゴを勝手に作らない ・会社名ロゴ風の表記は入れない ・ただし「無料点検」「無料見積り」「写真付き診断」などの訴求は入れてよい 【デザイン方向性】 ・参考画像のような強めのアイキャッチ ・濃紺、赤、黄色、白、緑を使った高コントラスト ・大きなメインコピー ・補助コピーを帯やラベルで配置 ・チェック項目、吹き出し、ラベルを適度に配置 ・職人、住人、住宅外観、劣化箇所などを記事内容に合わせて配置 ・「松山市版」の小さなラベルを入れる ・読み手が「この記事で何が分かるか」を一目で理解できる構成にする 【運用ルール】 ・画像生成トークでは、1回につき1記事分だけ依頼する ・完成プロンプト列をそのまま貼り付けて使う ・保存名は eyecatches/001.png のように管理する 【対象記事】 No：009 指定KW：松山市 外壁雨漏り 記事タイトル：松山市の外壁雨漏りの原因と対策｜ひび割れ・シーリング劣化に注意 【画像に入れたい文字】 メインコピー： 外壁雨漏り サブコピー： 症状・費用・注意点を解説 補助コピー： プロが分かりやすく解説 小見出し・チェック項目： ・外壁のひび割れ ・コーキング劣化 ・塗膜の劣化 ・雨染み 【背景・構図】 住宅外観、劣化箇所が分かる背景にする。 職人が、住まいの状態を確認しながら、ポイントを説明している。 記事テーマがひと目で伝わるよう、劣化箇所や説明アイコンを分かりやすく配置する。 「松山市版」の小さなラベルを入れる。 【画像の印象】 汎用外装訴求を意識しつつ、記事テーマが一目で伝わる強めのアイキャッチにする。 読者が『この記事で何が分かるか』を瞬時に理解できる印象にする。
A12: 010 | B12: 松山市 屋根雨漏り | C12: 松山市の屋根雨漏りは早めの修理が重要｜原因・費用・業者選び | D12: 雨漏り | E12: 地域サービス型 | F12: eyecatches/010.png | G12: 屋根雨漏り | H12: 雨漏り前に劣化を確認 | I12: 屋根点検・修理方法を解説 | J12: ・瓦のズレ ・板金の浮き ・漆喰の傷み ・屋根下地の劣化 | K12: 屋根材・瓦・板金・雨空 | L12: 屋根を点検する職人 | M12: 松山市版 | N12: 屋根修理訴求 | O12: 屋根材、瓦、板金、雨空が分かる背景にする。 屋根を点検する職人が、住まいの状態を確認しながら、ポイントを説明している。 記事テーマがひと目で伝わるよう、劣化箇所や説明アイコンを分かりやすく配置する。 「松山市版」の小さなラベルを入れる。 | P12: 屋根の劣化や修理の必要性がひと目で伝わる画像にする。 専門性を感じさせつつ、地域で相談できる安心感も出す。 | Q12: 【対象記事】 No：010 指定KW：松山市 屋根雨漏り 記事タイトル：松山市の屋根雨漏りは早めの修理が重要｜原因・費用・業者選び 【画像に入れたい文字】 メインコピー： 屋根雨漏り サブコピー： 雨漏り前に劣化を確認 補助コピー： 屋根点検・修理方法を解説 小見出し・チェック項目： ・瓦のズレ ・板金の浮き ・漆喰の傷み ・屋根下地の劣化 【背景・構図】 屋根材、瓦、板金、雨空が分かる背景にする。 屋根を点検する職人が、住まいの状態を確認しながら、ポイントを説明している。 記事テーマがひと目で伝わるよう、劣化箇所や説明アイコンを分かりやすく配置する。 「松山市版」の小さなラベルを入れる。 【画像の印象】 屋根の劣化や修理の必要性がひと目で伝わる画像にする。 専門性を感じさせつつ、地域で相談できる安心感も出す。 | R12: SEO・GEO記事のアイキャッチ画像を1枚だけ生成してください。 【絶対条件】 ・1枚の画像として生成する ・複数画像のコラージュ、グリッド、一覧、分割レイアウトにしない ・左上に「001」「002」などの番号は入れない ・3:2比率 ・PNG形式で保存する想定 ・記事アイキャッチとして使える完成度にする ・フォントは Noto Sans JP を想定する ・日本語文字は大きく、読みやすく、崩れないようにする ・実写写真ベースでもよいが、見せ方は「ブログ記事サムネイル」「YouTubeサムネイル風」「SEO記事アイキャッチ風」にする ・背景、人物、訴求内容は記事テーマに合わせる ・松山市版の地域感を入れる ・過度にシンプルにしない ・余白を残しすぎない ・文字が切れないようにする ・企業ロゴを勝手に作らない ・会社名ロゴ風の表記は入れない ・ただし「無料点検」「無料見積り」「写真付き診断」などの訴求は入れてよい 【デザイン方向性】 ・参考画像のような強めのアイキャッチ ・濃紺、赤、黄色、白、緑を使った高コントラスト ・大きなメインコピー ・補助コピーを帯やラベルで配置 ・チェック項目、吹き出し、ラベルを適度に配置 ・職人、住人、住宅外観、劣化箇所などを記事内容に合わせて配置 ・「松山市版」の小さなラベルを入れる ・読み手が「この記事で何が分かるか」を一目で理解できる構成にする 【運用ルール】 ・画像生成トークでは、1回につき1記事分だけ依頼する ・完成プロンプト列をそのまま貼り付けて使う ・保存名は eyecatches/001.png のように管理する 【対象記事】 No：010 指定KW：松山市 屋根雨漏り 記事タイトル：松山市の屋根雨漏りは早めの修理が重要｜原因・費用・業者選び 【画像に入れたい文字】 メインコピー： 屋根雨漏り サブコピー： 雨漏り前に劣化を確認 補助コピー： 屋根点検・修理方法を解説 小見出し・チェック項目： ・瓦のズレ ・板金の浮き ・漆喰の傷み ・屋根下地の劣化 【背景・構図】 屋根材、瓦、板金、雨空が分かる背景にする。 屋根を点検する職人が、住まいの状態を確認しながら、ポイントを説明している。 記事テーマがひと目で伝わるよう、劣化箇所や説明アイコンを分かりやすく配置する。 「松山市版」の小さなラベルを入れる。 【画像の印象】 屋根の劣化や修理の必要性がひと目で伝わる画像にする。 専門性を感じさせつつ、地域で相談できる安心感も出す。
A13: 011 | B13: 松山市 屋根修理 | C13: 松山市の屋根修理はどこに頼む？症状別の対処法と費用目安 | D13: 屋根修理・屋根材 | E13: 地域サービス型 | F13: eyecatches/011.png | G13: 屋根修理 | H13: 雨漏り前に劣化を確認 | I13: 屋根点検・修理方法を解説 | J13: ・劣化症状 ・修理方法 ・費用相場 ・放置リスク | K13: 屋根材・瓦・板金・雨空 | L13: 屋根を点検する職人 | M13: 松山市版 | N13: 屋根修理訴求 | O13: 屋根材、瓦、板金、雨空が分かる背景にする。 屋根を点検する職人が、修理箇所を確認しながら、必要な工事内容を説明している。 記事テーマがひと目で伝わるよう、劣化箇所や説明アイコンを分かりやすく配置する。 「松山市版」の小さなラベルを入れる。 | P13: 屋根の劣化や修理の必要性がひと目で伝わる画像にする。 専門性を感じさせつつ、地域で相談できる安心感も出す。 | Q13: 【対象記事】 No：011 指定KW：松山市 屋根修理 記事タイトル：松山市の屋根修理はどこに頼む？症状別の対処法と費用目安 【画像に入れたい文字】 メインコピー： 屋根修理 サブコピー： 雨漏り前に劣化を確認 補助コピー： 屋根点検・修理方法を解説 小見出し・チェック項目： ・劣化症状 ・修理方法 ・費用相場 ・放置リスク 【背景・構図】 屋根材、瓦、板金、雨空が分かる背景にする。 屋根を点検する職人が、修理箇所を確認しながら、必要な工事内容を説明している。 記事テーマがひと目で伝わるよう、劣化箇所や説明アイコンを分かりやすく配置する。 「松山市版」の小さなラベルを入れる。 【画像の印象】 屋根の劣化や修理の必要性がひと目で伝わる画像にする。 専門性を感じさせつつ、地域で相談できる安心感も出す。 | R13: SEO・GEO記事のアイキャッチ画像を1枚だけ生成してください。 【絶対条件】 ・1枚の画像として生成する ・複数画像のコラージュ、グリッド、一覧、分割レイアウトにしない ・左上に「001」「002」などの番号は入れない ・3:2比率 ・PNG形式で保存する想定 ・記事アイキャッチとして使える完成度にする ・フォントは Noto Sans JP を想定する ・日本語文字は大きく、読みやすく、崩れないようにする ・実写写真ベースでもよいが、見せ方は「ブログ記事サムネイル」「YouTubeサムネイル風」「SEO記事アイキャッチ風」にする ・背景、人物、訴求内容は記事テーマに合わせる ・松山市版の地域感を入れる ・過度にシンプルにしない ・余白を残しすぎない ・文字が切れないようにする ・企業ロゴを勝手に作らない ・会社名ロゴ風の表記は入れない ・ただし「無料点検」「無料見積り」「写真付き診断」などの訴求は入れてよい 【デザイン方向性】 ・参考画像のような強めのアイキャッチ ・濃紺、赤、黄色、白、緑を使った高コントラスト ・大きなメインコピー ・補助コピーを帯やラベルで配置 ・チェック項目、吹き出し、ラベルを適度に配置 ・職人、住人、住宅外観、劣化箇所などを記事内容に合わせて配置 ・「松山市版」の小さなラベルを入れる ・読み手が「この記事で何が分かるか」を一目で理解できる構成にする 【運用ルール】 ・画像生成トークでは、1回につき1記事分だけ依頼する ・完成プロンプト列をそのまま貼り付けて使う ・保存名は eyecatches/001.png のように管理する 【対象記事】 No：011 指定KW：松山市 屋根修理 記事タイトル：松山市の屋根修理はどこに頼む？症状別の対処法と費用目安 【画像に入れたい文字】 メインコピー： 屋根修理 サブコピー： 雨漏り前に劣化を確認 補助コピー： 屋根点検・修理方法を解説 小見出し・チェック項目： ・劣化症状 ・修理方法 ・費用相場 ・放置リスク 【背景・構図】 屋根材、瓦、板金、雨空が分かる背景にする。 屋根を点検する職人が、修理箇所を確認しながら、必要な工事内容を説明している。 記事テーマがひと目で伝わるよう、劣化箇所や説明アイコンを分かりやすく配置する。 「松山市版」の小さなラベルを入れる。 【画像の印象】 屋根の劣化や修理の必要性がひと目で伝わる画像にする。 専門性を感じさせつつ、地域で相談できる安心感も出す。
A14: 012 | B14: 松山市 棟板金修理 | C14: 松山市の棟板金修理とは？浮き・釘抜け・雨漏りリスクを解説 | D14: 屋根修理・屋根材 | E14: 地域サービス型 | F14: eyecatches/012.png | G14: 棟板金修理 | H14: 雨漏り前に劣化を確認 | I14: 屋根点検・修理方法を解説 | J14: ・劣化症状 ・修理方法 ・費用相場 ・放置リスク | K14: 屋根材・瓦・板金・雨空 | L14: 屋根を点検する職人 | M14: 松山市版 | N14: 屋根修理訴求 | O14: 屋根材、瓦、板金、雨空が分かる背景にする。 屋根を点検する職人が、修理箇所を確認しながら、必要な工事内容を説明している。 記事テーマがひと目で伝わるよう、劣化箇所や説明アイコンを分かりやすく配置する。 「松山市版」の小さなラベルを入れる。 | P14: 屋根の劣化や修理の必要性がひと目で伝わる画像にする。 専門性を感じさせつつ、地域で相談できる安心感も出す。 | Q14: 【対象記事】 No：012 指定KW：松山市 棟板金修理 記事タイトル：松山市の棟板金修理とは？浮き・釘抜け・雨漏りリスクを解説 【画像に入れたい文字】 メインコピー： 棟板金修理 サブコピー： 雨漏り前に劣化を確認 補助コピー： 屋根点検・修理方法を解説 小見出し・チェック項目： ・劣化症状 ・修理方法 ・費用相場 ・放置リスク 【背景・構図】 屋根材、瓦、板金、雨空が分かる背景にする。 屋根を点検する職人が、修理箇所を確認しながら、必要な工事内容を説明している。 記事テーマがひと目で伝わるよう、劣化箇所や説明アイコンを分かりやすく配置する。 「松山市版」の小さなラベルを入れる。 【画像の印象】 屋根の劣化や修理の必要性がひと目で伝わる画像にする。 専門性を感じさせつつ、地域で相談できる安心感も出す。 | R14: SEO・GEO記事のアイキャッチ画像を1枚だけ生成してください。 【絶対条件】 ・1枚の画像として生成する ・複数画像のコラージュ、グリッド、一覧、分割レイアウトにしない ・左上に「001」「002」などの番号は入れない ・3:2比率 ・PNG形式で保存する想定 ・記事アイキャッチとして使える完成度にする ・フォントは Noto Sans JP を想定する ・日本語文字は大きく、読みやすく、崩れないようにする ・実写写真ベースでもよいが、見せ方は「ブログ記事サムネイル」「YouTubeサムネイル風」「SEO記事アイキャッチ風」にする ・背景、人物、訴求内容は記事テーマに合わせる ・松山市版の地域感を入れる ・過度にシンプルにしない ・余白を残しすぎない ・文字が切れないようにする ・企業ロゴを勝手に作らない ・会社名ロゴ風の表記は入れない ・ただし「無料点検」「無料見積り」「写真付き診断」などの訴求は入れてよい 【デザイン方向性】 ・参考画像のような強めのアイキャッチ ・濃紺、赤、黄色、白、緑を使った高コントラスト ・大きなメインコピー ・補助コピーを帯やラベルで配置 ・チェック項目、吹き出し、ラベルを適度に配置 ・職人、住人、住宅外観、劣化箇所などを記事内容に合わせて配置 ・「松山市版」の小さなラベルを入れる ・読み手が「この記事で何が分かるか」を一目で理解できる構成にする 【運用ルール】 ・画像生成トークでは、1回につき1記事分だけ依頼する ・完成プロンプト列をそのまま貼り付けて使う ・保存名は eyecatches/001.png のように管理する 【対象記事】 No：012 指定KW：松山市 棟板金修理 記事タイトル：松山市の棟板金修理とは？浮き・釘抜け・雨漏りリスクを解説 【画像に入れたい文字】 メインコピー： 棟板金修理 サブコピー： 雨漏り前に劣化を確認 補助コピー： 屋根点検・修理方法を解説 小見出し・チェック項目： ・劣化症状 ・修理方法 ・費用相場 ・放置リスク 【背景・構図】 屋根材、瓦、板金、雨空が分かる背景にする。 屋根を点検する職人が、修理箇所を確認しながら、必要な工事内容を説明している。 記事テーマがひと目で伝わるよう、劣化箇所や説明アイコンを分かりやすく配置する。 「松山市版」の小さなラベルを入れる。 【画像の印象】 屋根の劣化や修理の必要性がひと目で伝わる画像にする。 専門性を感じさせつつ、地域で相談できる安心感も出す。
... A82: 080 | B82: 軒天 材料 種類 | C82: 軒天の材料には何がある？種類・特徴・選び方を解説 | D82: 付帯部 | E82: 付帯部型 | F82: eyecatches/080.png | G82: 軒天 材料 種類 | H82: シミ・黒ずみ・剥がれは要注意 | I82: 補修と塗装の判断ポイント | J82: ・材料の種類 ・特徴 ・選び方 ・注意点 | K82: 軒天シミ・黒ずみ・住宅軒下 | L82: 見上げる住人＋職人 | M82: 松山市版 | N82: 軒天訴求 | O82: 軒天シミ、黒ずみ、住宅軒下が分かる背景にする。 見上げる住人＋職人が、住まいの状態を確認しながら、ポイントを説明している。 記事テーマがひと目で伝わるよう、劣化箇所や説明アイコンを分かりやすく配置する。 「松山市版」の小さなラベルを入れる。 | P82: 部位ごとの劣化症状やメンテナンスの必要性が直感的に伝わる画像にする。 小さな部位でも放置しない大切さが分かる印象にする。 | Q82: 【対象記事】 No：080 指定KW：軒天 材料 種類 記事タイトル：軒天の材料には何がある？種類・特徴・選び方を解説 【画像に入れたい文字】 メインコピー： 軒天 材料 種類 サブコピー： シミ・黒ずみ・剥がれは要注意 補助コピー： 補修と塗装の判断ポイント 小見出し・チェック項目： ・材料の種類 ・特徴 ・選び方 ・注意点 【背景・構図】 軒天シミ、黒ずみ、住宅軒下が分かる背景にする。 見上げる住人＋職人が、住まいの状態を確認しながら、ポイントを説明している。 記事テーマがひと目で伝わるよう、劣化箇所や説明アイコンを分かりやすく配置する。 「松山市版」の小さなラベルを入れる。 【画像の印象】 部位ごとの劣化症状やメンテナンスの必要性が直感的に伝わる画像にする。 小さな部位でも放置しない大切さが分かる印象にする。 | R82: SEO・GEO記事のアイキャッチ画像を1枚だけ生成してください。 【絶対条件】 ・1枚の画像として生成する ・複数画像のコラージュ、グリッド、一覧、分割レイアウトにしない ・左上に「001」「002」などの番号は入れない ・3:2比率 ・PNG形式で保存する想定 ・記事アイキャッチとして使える完成度にする ・フォントは Noto Sans JP を想定する ・日本語文字は大きく、読みやすく、崩れないようにする ・実写写真ベースでもよいが、見せ方は「ブログ記事サムネイル」「YouTubeサムネイル風」「SEO記事アイキャッチ風」にする ・背景、人物、訴求内容は記事テーマに合わせる ・松山市版の地域感を入れる ・過度にシンプルにしない ・余白を残しすぎない ・文字が切れないようにする ・企業ロゴを勝手に作らない ・会社名ロゴ風の表記は入れない ・ただし「無料点検」「無料見積り」「写真付き診断」などの訴求は入れてよい 【デザイン方向性】 ・参考画像のような強めのアイキャッチ ・濃紺、赤、黄色、白、緑を使った高コントラスト ・大きなメインコピー ・補助コピーを帯やラベルで配置 ・チェック項目、吹き出し、ラベルを適度に配置 ・職人、住人、住宅外観、劣化箇所などを記事内容に合わせて配置 ・「松山市版」の小さなラベルを入れる ・読み手が「この記事で何が分かるか」を一目で理解できる構成にする 【運用ルール】 ・画像生成トークでは、1回につき1記事分だけ依頼する ・完成プロンプト列をそのまま貼り付けて使う ・保存名は eyecatches/001.png のように管理する 【対象記事】 No：080 指定KW：軒天 材料 種類 記事タイトル：軒天の材料には何がある？種類・特徴・選び方を解説 【画像に入れたい文字】 メインコピー： 軒天 材料 種類 サブコピー： シミ・黒ずみ・剥がれは要注意 補助コピー： 補修と塗装の判断ポイント 小見出し・チェック項目： ・材料の種類 ・特徴 ・選び方 ・注意点 【背景・構図】 軒天シミ、黒ずみ、住宅軒下が分かる背景にする。 見上げる住人＋職人が、住まいの状態を確認しながら、ポイントを説明している。 記事テーマがひと目で伝わるよう、劣化箇所や説明アイコンを分かりやすく配置する。 「松山市版」の小さなラベルを入れる。 【画像の印象】 部位ごとの劣化症状やメンテナンスの必要性が直感的に伝わる画像にする。 小さな部位でも放置しない大切さが分かる印象にする。
